id;dt_cadastro_pesquisa;inf_perfil;inf_tempo_formacao_area_enfermagem;inf_titulo_graduacao;inf_cargo_enfermeiro;inf_cargo_tecnico;inf_tempo_trabalho_instituicao;inf_tempo_trabalho_cargo;inf_area_trabalho;inf_escala_trabalho;inf_turno_trabalho;inf_outro_vinculo;pesnwi_01;pesnwi_02;pesnwi_03;pesnwi_04;pesnwi_05;pesnwi_06;pesnwi_07;pesnwi_08;pesnwi_09;pesnwi_10;pesnwi_11;pesnwi_12;pesnwi_13;pesnwi_14;pesnwi_15;pesnwi_16;pesnwi_17;pesnwi_18;pesnwi_19;pesnwi_20;pesnwi_21;pesnwi_22;pesnwi_23;pesnwi_24;pesnwi_25;pesnwi_26;pesnwi_27;pesnwi_28;pesnwi_29;pesnwi_30;pesnwi_31;burnout_01;burnout_02;burnout_03;burnout_04;burnout_05;burnout_06;burnout_07;burnout_08;burnout_09;burnout_10;burnout_11;burnout_12;burnout_13;burnout_14;burnout_15;burnout_16;burnout_17;burnout_18;burnout_19;burnout_20;burnout_21;burnout_22;id_pesquisa_ambiente_burnout
9;29/09/2026;1;1;1;2;;4;3;3;4;4;2;3;4;4;3;2;3;4;3;3;4;3;2;3;3;4;4;2;2;2;3;2;2;2;3;4;4;4;4;4;3;3;2;1;3;4;4;2;4;5;5;3;4;4;3;4;4;2;3;3;3;2;4;3;3
10;29/09/2026;1;2;1;1;;2;2;5;4;3;2;3;1;3;4;3;2;2;2;1;2;2;2;2;2;4;3;3;3;3;4;2;2;2;2;2;2;2;2;2;3;3;2;3;2;2;1;2;3;5;5;5;4;2;2;2;2;3;1;1;4;3;5;2;3
11;29/09/2026;1;2;2;2;;3;4;2;1;1;2;3;3;3;4;4;2;2;2;2;2;2;2;2;1;2;2;3;1;1;2;2;3;3;3;3;3;3;3;3;3;4;2;1;5;4;3;4;3;4;3;3;4;3;2;3;1;2;3;2;2;2;3;3;3
26;21/11/2023;2;3;0;0;2;2;2;2;1;1;1;3;3;3;3;3;3;3;3;3;3;3;3;3;3;3;3;3;3;3;3;3;3;3;3;3;3;3;3;3;3;3;4;4;4;4;4;4;4;4;4;4;4;4;4;4;4;4;4;4;4;4;4;4;3
27;21/11/2023;1;4;1;3;0;2;2;2;1;1;1;3;3;3;2;3;3;3;3;3;3;2;3;2;3;3;3;3;3;3;3;2;3;2;2;3;3;3;3;3;3;3;3;3;3;4;1;3;5;3;4;2;1;2;1;3;1;3;5;3;5;4;3;1;3
28;21/11/2023;2;4;0;0;2;4;4;1;1;1;2;3;3;3;3;3;2;3;3;2;3;3;2;3;3;3;3;3;3;3;2;3;3;3;3;3;3;3;3;3;2;3;3;3;2;5;1;1;5;2;5;1;1;5;2;2;1;1;5;4;5;2;5;1;3
29;21/11/2023;2;3;0;0;2;1;1;2;1;1;2;2;4;3;4;3;2;3;2;3;3;3;3;1;4;3;4;2;3;2;1;1;3;1;2;1;4;1;3;4;3;4;3;4;3;5;1;2;5;3;4;1;1;4;2;3;1;2;5;5;5;2;5;1;3
30;21/11/2023;1;3;1;3;0;3;3;2;1;1;2;3;3;3;3;3;3;3;3;3;3;3;3;1;3;3;3;3;3;3;3;3;3;3;3;3;3;3;3;3;3;3;2;2;3;5;1;3;5;2;5;1;3;3;1;2;1;1;5;4;4;1;5;1;3
31;21/11/2023;1;5;1;1;0;4;2;2;4;1;2;3;3;4;4;4;2;3;3;3;4;4;3;3;4;4;3;3;3;3;4;3;4;3;3;4;3;4;4;3;4;3;3;3;4;5;1;2;4;3;4;1;1;3;2;3;1;2;4;4;4;2;4;2;3
32;21/11/2023;1;5;1;1;0;1;2;2;4;1;2;1;4;3;3;3;2;3;3;3;3;3;3;3;3;3;3;3;3;3;3;3;3;3;3;3;3;3;3;3;3;3;3;3;3;4;1;1;5;3;5;1;2;5;2;3;1;3;4;4;4;4;2;5;3
33;21/11/2023;1;5;1;1;0;4;2;6;4;4;2;3;4;3;4;4;3;4;4;4;4;4;3;3;4;4;4;4;4;4;3;2;4;4;4;3;3;3;3;3;1;3;5;5;3;4;1;2;5;3;5;3;3;3;3;5;5;3;5;5;4;2;4;3;3
34;21/11/2023;2;5;0;0;2;4;4;2;1;1;2;3;3;3;3;3;3;3;3;3;3;3;3;3;3;3;3;3;3;3;3;3;3;3;3;3;3;3;3;3;3;3;3;2;1;4;1;1;5;1;4;1;1;5;1;1;1;2;5;5;5;1;2;1;3
35;21/11/2023;2;4;0;0;2;4;4;2;1;1;2;4;4;4;4;3;2;3;3;3;3;2;3;2;4;3;3;3;3;4;1;1;4;3;3;4;3;3;3;3;3;3;2;1;1;5;3;1;5;1;5;2;2;5;1;2;1;1;5;5;5;1;4;2;3
36;21/11/2023;2;4;0;0;2;3;3;2;1;1;2;3;3;3;4;3;2;3;4;3;3;2;3;2;3;3;3;4;3;3;2;2;3;3;3;4;3;3;3;4;3;2;2;3;2;5;1;2;5;2;5;1;1;4;2;3;1;2;5;5;3;2;4;1;3
37;21/11/2023;1;3;1;3;0;1;1;2;1;1;2;1;3;1;3;1;1;1;1;1;2;3;2;1;4;3;3;2;1;2;2;1;3;3;2;2;1;4;3;1;3;3;5;5;5;5;2;3;5;5;3;3;4;3;5;5;1;3;4;3;2;5;3;2;3
38;21/11/2023;1;4;1;3;0;3;2;2;1;1;1;3;3;3;3;3;3;3;3;3;3;3;3;3;3;2;3;3;3;3;3;2;3;3;3;3;3;3;3;3;3;3;3;3;2;4;1;1;4;2;5;1;2;3;2;3;1;1;4;3;5;1;4;1;3
39;21/11/2023;1;4;1;3;0;3;2;2;1;1;1;3;3;3;3;3;3;3;3;3;3;3;3;3;3;2;3;3;3;3;3;2;3;3;3;3;3;3;3;3;3;3;3;3;2;4;1;1;4;2;5;1;2;3;2;3;1;1;4;3;5;1;4;1;3
40;21/11/2023;2;5;0;0;2;2;2;2;1;1;1;3;3;3;3;3;2;3;3;3;3;3;3;3;3;3;4;4;4;4;4;4;4;4;4;3;4;4;4;4;4;4;2;2;3;5;1;1;5;1;4;3;3;5;2;1;1;1;5;5;3;1;5;1;3
41;21/11/2023;2;5;0;0;2;2;2;2;1;1;1;3;3;3;3;3;2;3;3;3;3;3;3;3;3;3;4;4;4;4;4;4;4;4;4;3;4;4;4;4;4;4;2;2;3;5;1;1;5;1;4;3;3;5;2;1;1;1;5;5;3;1;5;1;3
42;21/11/2023;1;4;1;3;0;2;2;2;1;1;1;3;3;3;2;3;3;3;3;3;3;2;3;2;3;3;3;3;3;3;3;2;3;2;2;3;3;3;3;3;3;3;3;3;3;4;1;3;5;3;4;2;1;2;1;3;1;3;5;3;5;4;3;1;3
43;21/11/2023;2;4;0;0;2;1;1;2;1;2;2;3;3;3;3;3;3;3;3;3;3;3;3;3;3;3;3;3;3;3;3;3;3;3;3;3;3;3;3;3;3;3;3;3;3;4;1;1;5;3;5;3;3;3;3;3;3;3;3;3;3;3;3;1;3
44;21/11/2023;1;3;1;3;0;1;1;2;1;1;1;3;3;3;3;2;2;2;3;3;3;3;3;3;4;4;3;3;2;3;2;2;3;3;3;1;3;3;3;3;1;3;4;5;4;4;1;1;5;4;4;1;1;2;3;5;1;3;4;4;4;3;3;1;3
45;21/11/2023;2;5;0;0;2;1;4;2;1;2;2;3;1;3;3;3;2;3;3;3;2;2;2;2;3;3;1;3;3;3;1;2;3;2;2;2;3;3;3;3;3;2;3;3;4;4;3;2;4;3;3;4;4;4;3;2;4;3;3;3;4;2;3;3;3
46;21/11/2023;1;5;1;3;0;1;1;6;1;1;2;3;2;3;2;3;2;3;2;3;3;3;2;3;3;3;3;3;3;3;3;2;3;2;3;3;3;3;3;3;2;3;5;4;4;3;1;3;5;4;5;1;1;3;1;3;5;2;5;4;4;1;5;2;3
47;21/11/2023;1;4;1;3;0;2;2;2;1;3;2;2;3;1;2;2;2;1;2;2;2;2;2;1;4;4;3;3;1;3;2;2;1;2;3;2;1;3;3;3;2;1;5;5;5;5;2;3;5;4;3;2;3;2;5;5;1;3;5;3;3;4;3;1;3
48;21/11/2023;2;5;0;0;2;1;1;7;1;1;1;2;2;3;3;1;2;2;2;1;2;1;1;3;3;4;2;2;2;3;2;2;2;2;2;2;3;2;3;3;1;2;5;5;5;5;1;1;5;5;3;1;1;2;3;4;1;3;5;3;5;3;4;3;3
49;21/11/2023;1;4;1;3;0;3;1;2;4;1;1;3;4;4;4;4;3;3;3;4;4;4;4;4;4;4;3;4;2;3;4;3;4;3;3;3;3;3;3;2;4;3;2;3;2;5;1;1;5;1;4;1;1;4;1;1;1;2;4;5;5;1;5;1;3
50;21/11/2023;2;3;0;0;2;3;3;2;1;1;1;3;3;2;3;2;1;1;2;3;2;1;3;1;3;1;3;1;3;3;2;2;3;1;3;1;3;2;2;2;4;3;5;5;4;5;1;1;5;5;5;1;5;2;4;3;1;1;5;4;3;5;3;1;3
51;21/11/2023;2;4;0;0;2;3;3;2;1;3;2;3;3;3;4;2;2;2;3;2;2;3;2;2;4;3;3;2;3;4;2;2;3;2;3;4;2;3;3;3;2;3;3;3;3;5;1;1;5;3;4;2;1;3;2;3;1;1;4;4;4;2;4;1;3
52;21/11/2023;1;2;1;3;0;3;2;3;1;1;2;2;4;3;4;4;2;2;2;1;4;4;1;2;3;4;3;2;3;4;3;2;3;2;3;2;2;2;2;3;3;3;5;5;5;5;1;1;5;4;5;1;3;1;3;5;1;5;5;5;4;3;3;5;3
53;21/11/2023;2;3;0;0;2;1;1;3;1;1;2;1;3;3;3;3;1;1;3;1;4;3;1;2;3;2;3;3;2;2;3;1;3;3;3;3;3;2;1;3;4;3;5;5;5;5;1;1;5;5;3;1;3;2;5;5;1;1;3;2;5;5;4;5;3
54;21/11/2023;2;3;0;0;2;3;3;3;1;1;2;1;4;3;4;3;2;2;3;1;4;4;1;2;3;2;4;3;2;2;3;1;3;2;3;2;4;2;1;3;4;3;5;5;3;4;1;1;5;5;5;1;3;2;2;3;1;1;4;4;3;3;4;1;3
55;21/11/2023;2;4;0;0;2;4;4;3;1;1;2;2;4;2;3;3;1;2;2;1;3;2;1;1;3;3;3;3;2;3;3;1;1;1;3;3;3;2;1;3;3;3;4;3;3;5;1;1;5;3;5;1;1;3;1;4;1;3;5;5;5;2;5;3;3
56;21/11/2023;1;1;4;3;0;3;1;3;1;1;2;2;3;3;3;3;2;2;3;2;4;4;2;2;4;4;3;3;3;3;2;2;2;1;3;2;2;1;3;3;4;4;4;3;3;5;1;1;5;3;4;1;2;3;2;3;1;2;3;4;4;1;4;3;3
57;21/11/2023;2;4;0;0;2;4;4;2;1;3;1;3;3;2;3;3;2;3;3;2;4;4;3;1;3;3;4;3;3;4;2;2;2;3;3;2;3;3;2;3;3;3;3;4;3;4;1;1;5;3;5;1;3;4;2;4;1;1;5;5;3;2;5;1;3
58;21/11/2023;2;5;0;0;2;3;3;2;1;3;1;3;2;2;4;3;3;2;3;1;2;2;2;2;3;3;3;3;2;1;3;1;3;3;2;2;3;3;2;4;4;3;3;4;3;5;2;2;5;4;2;3;3;2;3;3;5;4;3;3;2;3;3;1;3
59;21/11/2023;2;2;0;0;2;1;1;1;1;1;2;4;3;2;3;3;3;1;3;3;1;3;3;3;3;3;1;3;3;3;2;2;3;3;3;3;2;3;1;3;2;3;5;5;5;4;1;5;4;5;5;3;5;2;3;5;1;5;5;4;4;5;2;1;3
60;21/11/2023;1;5;1;1;0;4;4;6;1;1;2;3;4;3;3;3;3;3;3;3;3;3;3;3;3;3;4;3;3;3;3;3;3;3;3;3;3;3;3;3;3;3;2;3;2;4;1;2;4;1;4;1;1;5;1;2;1;2;5;4;4;1;5;3;3
61;21/11/2023;2;4;0;0;2;3;3;3;1;1;1;3;4;3;3;3;1;3;2;1;3;3;1;2;4;2;3;3;4;4;2;2;2;2;2;3;3;2;3;3;3;3;3;3;3;5;1;3;5;4;5;1;1;5;4;5;1;2;5;5;5;1;5;1;3
62;21/11/2023;2;3;0;0;2;3;3;3;1;1;1;3;3;3;3;3;3;2;3;2;3;3;2;3;3;3;3;3;3;3;3;3;3;3;3;3;3;3;3;3;3;3;3;4;4;5;1;1;5;3;5;1;1;5;1;3;1;3;5;5;5;1;5;3;3
63;21/11/2023;2;3;0;0;2;3;3;2;1;1;1;3;3;3;3;3;3;2;3;2;3;2;2;3;3;3;3;3;3;2;3;2;3;3;3;3;3;3;3;3;3;3;4;4;3;4;1;3;4;3;3;3;3;2;3;4;3;3;3;3;4;3;3;1;3
64;21/11/2023;2;4;0;0;2;3;2;6;1;1;2;3;3;3;3;3;3;3;3;2;3;3;2;2;3;3;3;3;3;3;3;3;3;3;3;3;3;3;3;3;2;3;2;2;1;5;1;1;5;1;4;5;2;3;1;1;1;1;5;5;5;1;5;3;3
65;21/11/2023;2;5;0;0;2;2;2;6;1;2;1;3;3;3;4;4;3;3;2;3;3;3;4;2;3;2;3;4;4;3;3;3;3;3;4;3;3;2;3;4;3;3;2;3;3;5;1;1;5;1;5;2;1;3;1;1;1;1;5;5;5;1;5;5;3
66;21/11/2023;2;3;0;0;2;3;3;2;1;1;1;3;4;3;3;3;2;2;3;3;3;2;3;2;3;3;4;4;3;3;2;2;3;3;3;3;3;3;2;3;3;3;1;3;1;5;1;1;5;1;3;1;1;4;1;1;1;1;4;3;3;1;5;1;3
67;21/11/2023;2;3;0;0;2;3;3;2;1;1;1;3;3;3;3;3;3;2;3;2;3;2;2;3;3;3;3;3;3;2;3;2;3;3;3;3;3;3;3;3;3;3;4;4;3;4;1;3;4;3;3;3;3;2;3;4;3;3;3;3;4;3;3;1;3
68;21/11/2023;1;2;1;3;0;1;1;6;1;2;1;3;3;3;3;3;2;3;2;1;2;2;2;2;3;2;3;3;2;4;3;3;3;2;3;2;4;1;3;4;1;3;3;3;5;4;1;4;5;3;4;2;2;2;1;3;1;3;4;4;5;1;3;1;3
69;21/11/2023;2;5;0;0;2;1;1;1;1;1;2;3;3;3;3;3;3;3;3;2;3;3;2;3;3;3;3;3;3;3;3;3;3;3;3;3;3;3;3;3;3;3;3;3;2;3;1;1;5;2;5;1;1;4;1;3;1;1;5;5;5;1;5;1;3
70;21/11/2023;2;3;0;0;2;1;1;1;1;1;1;4;4;4;4;4;4;4;4;2;4;4;2;4;4;3;4;4;4;3;4;4;4;4;3;4;3;4;4;4;4;4;2;2;1;4;1;1;4;1;5;1;1;4;1;1;1;1;5;5;5;1;5;1;3
71;21/11/2023;2;3;0;0;2;3;3;3;1;1;2;1;4;3;4;3;2;2;3;1;4;4;1;2;3;2;4;3;2;2;3;1;3;2;3;2;4;2;1;3;4;3;5;5;3;4;1;1;5;5;5;1;3;2;2;3;1;1;4;4;3;3;4;1;3
72;21/11/2023;2;3;0;0;2;3;3;3;1;1;2;1;4;3;4;3;2;2;3;1;4;4;1;2;3;2;4;3;2;2;3;1;3;2;3;2;4;2;1;3;4;3;5;5;3;4;1;1;5;5;5;1;3;2;2;3;1;1;4;4;3;3;4;1;3
73;22/11/2023;2;4;0;0;2;4;4;3;1;3;2;2;2;1;3;3;3;2;2;2;3;2;2;2;3;3;2;3;3;3;1;2;3;2;3;3;3;3;2;3;2;2;4;4;5;5;1;3;5;4;5;1;2;2;3;3;1;2;4;4;3;3;4;1;3
74;22/11/2023;1;2;1;3;0;3;2;3;1;1;2;2;4;3;4;4;2;2;2;1;4;4;1;2;3;4;3;2;3;4;3;2;3;2;3;2;2;2;2;3;3;3;5;5;5;5;1;1;5;4;5;1;3;1;3;5;1;5;5;5;4;3;3;5;3
75;22/11/2023;2;4;0;0;2;3;3;3;1;1;1;3;4;3;3;3;1;3;2;1;3;3;1;2;4;2;3;3;4;4;2;2;2;2;2;3;3;2;3;3;3;3;3;3;3;5;1;3;5;4;5;1;1;5;4;5;1;2;5;5;5;1;5;1;3
76;22/11/2023;2;4;0;0;2;3;3;2;1;3;1;1;2;1;3;3;1;2;2;1;2;1;1;2;4;3;2;3;2;3;1;2;3;3;2;3;2;2;1;2;3;1;4;5;4;3;1;2;4;4;3;3;3;2;3;4;1;2;4;3;3;3;3;3;3
77;22/11/2023;2;3;0;0;2;3;2;2;1;3;2;1;3;2;4;4;1;1;1;1;3;2;1;1;4;1;2;2;2;2;2;1;2;1;2;3;1;1;3;1;4;1;5;5;5;4;2;2;4;5;2;5;5;1;4;5;3;3;3;3;3;5;1;3;3
78;22/11/2023;1;3;1;3;0;4;3;2;1;3;2;1;2;1;2;3;1;1;1;1;2;1;1;1;3;1;2;2;2;2;1;1;1;1;1;2;2;1;3;2;4;1;5;5;5;2;1;3;4;5;3;1;1;2;5;5;1;3;4;3;4;4;3;1;3
79;22/11/2023;2;3;0;0;2;3;3;3;1;1;2;1;4;3;4;3;2;2;3;1;4;4;1;2;3;2;4;3;2;2;3;1;3;2;3;2;4;2;1;3;4;3;5;5;3;4;1;1;5;5;5;1;3;2;2;3;1;1;4;4;3;3;4;1;3
80;22/11/2023;1;2;1;3;0;3;2;3;1;1;2;2;4;3;4;4;2;2;2;1;4;4;1;2;3;4;3;2;3;4;3;2;3;2;3;2;2;2;2;3;3;3;5;5;5;5;1;1;5;4;5;1;3;1;3;5;1;5;5;5;4;3;3;5;3
81;22/11/2023;2;5;0;0;2;4;4;3;1;3;2;3;3;2;4;3;2;1;3;3;3;2;3;3;3;2;3;4;3;3;3;3;3;3;3;3;3;1;3;3;3;2;3;3;3;4;1;1;5;2;5;2;2;4;1;3;1;2;4;4;5;1;4;1;3
82;22/11/2023;2;4;0;0;2;4;4;2;1;3;1;3;3;2;3;3;2;3;3;2;4;4;3;1;3;3;4;3;3;4;2;2;2;3;3;2;3;3;2;3;3;3;3;4;3;4;1;1;5;3;5;1;3;4;2;4;1;1;5;5;3;2;5;1;3
83;22/11/2023;2;5;0;0;2;4;4;2;1;3;2;2;3;1;3;3;2;1;2;1;1;1;1;2;3;3;3;3;2;3;3;1;3;2;2;3;2;3;2;2;3;2;4;5;4;5;1;2;5;5;2;1;3;2;4;3;1;3;5;3;3;3;4;4;3
84;22/11/2023;2;5;0;0;2;4;4;7;1;3;2;4;4;4;3;4;3;3;4;4;4;4;4;3;3;3;4;3;3;4;4;3;4;3;3;3;3;3;3;3;3;3;3;2;2;4;2;2;5;2;3;2;2;3;2;2;2;2;5;2;3;2;5;1;3
85;22/11/2023;1;5;1;3;0;4;4;7;1;3;2;2;3;3;2;2;2;2;2;2;3;2;2;2;2;2;3;2;3;2;2;2;3;2;3;3;3;2;3;2;2;3;5;5;5;4;1;2;5;4;3;4;4;1;5;4;2;2;3;2;4;3;4;1;3
86;22/11/2023;2;4;0;0;2;4;4;1;1;3;2;3;3;3;3;3;3;3;3;2;3;3;2;3;3;3;3;3;3;3;3;3;3;3;3;3;3;3;3;3;3;3;4;4;3;1;1;1;1;3;3;1;3;3;1;3;1;1;4;1;4;3;3;1;3
87;22/11/2023;2;4;0;0;2;4;4;1;1;1;2;3;3;3;3;3;2;3;3;2;3;3;2;3;3;3;3;3;3;3;2;3;3;3;3;3;3;3;3;3;2;3;3;3;2;5;1;1;5;2;5;1;1;5;2;2;1;1;5;4;5;2;5;1;3
88;22/11/2023;2;3;0;0;2;3;3;2;1;1;2;3;3;3;3;3;3;3;3;3;3;3;3;3;3;3;3;3;3;3;3;3;3;3;3;3;3;3;3;3;3;3;2;2;2;4;1;1;5;1;5;1;1;3;1;2;1;1;5;4;4;1;4;1;3
89;22/11/2023;1;4;1;3;0;2;4;2;1;3;1;3;4;3;4;3;2;3;3;3;3;3;4;2;3;3;3;3;3;3;3;2;3;3;3;3;3;2;3;3;3;3;3;5;3;5;1;3;5;4;4;1;2;3;3;3;1;2;4;4;3;3;5;1;3
90;22/11/2023;2;4;0;0;2;4;4;2;1;3;1;3;3;3;3;3;2;3;3;2;3;3;2;2;3;2;3;3;3;4;2;2;3;2;3;3;3;2;2;2;1;3;3;3;3;5;1;1;5;3;5;1;1;3;1;1;1;3;5;4;5;1;5;1;3
91;22/11/2023;2;3;0;0;2;3;3;2;1;3;2;2;4;2;3;3;1;2;1;1;3;3;1;1;3;2;4;2;3;4;1;1;3;1;4;3;2;1;1;3;1;4;4;3;3;5;1;1;5;1;5;1;1;3;1;2;1;1;5;4;5;1;4;1;3
92;22/11/2023;2;5;0;0;2;4;4;2;1;3;2;3;3;3;3;3;3;3;3;3;3;3;3;3;3;3;3;3;3;3;3;3;3;3;3;3;3;3;3;3;3;3;1;2;1;4;1;1;5;1;4;1;1;5;1;1;1;1;5;4;4;1;5;1;3
93;22/11/2023;2;3;0;0;2;3;3;2;1;3;2;2;3;2;3;3;2;2;2;2;2;3;1;1;2;2;2;2;2;4;2;1;2;2;2;1;3;2;2;2;3;1;2;3;2;4;1;1;5;3;5;3;2;3;2;2;1;2;5;5;5;3;5;2;3
94;22/11/2023;2;4;0;0;2;4;4;2;1;3;2;2;2;3;3;3;2;3;2;3;3;2;2;2;3;2;2;3;2;3;2;2;2;2;2;2;2;2;2;2;2;2;3;4;3;5;1;1;3;3;3;3;1;3;3;3;1;3;4;3;3;3;4;1;3
95;22/11/2023;1;3;1;3;0;3;3;2;1;3;2;3;4;3;3;2;1;2;2;2;4;4;1;2;3;2;4;3;3;4;2;2;3;3;3;3;3;2;2;2;1;3;3;3;3;5;1;1;5;3;5;1;1;3;1;1;1;3;4;5;4;2;4;1;3
96;22/11/2023;2;4;0;0;2;4;4;2;1;3;2;2;3;3;4;4;2;3;2;2;4;3;2;3;3;2;3;3;3;3;3;2;3;2;3;3;2;3;3;3;2;2;3;4;3;3;1;1;5;3;4;1;1;3;3;3;1;2;4;4;5;2;5;4;3
97;22/11/2023;2;4;0;0;2;4;4;2;1;3;2;2;3;3;4;4;2;3;2;2;4;3;2;3;3;2;3;3;3;3;3;2;3;2;3;3;2;3;3;3;2;2;3;4;3;3;1;1;5;3;4;1;1;3;3;3;1;2;4;4;5;2;5;4;3
98;22/11/2023;2;4;0;0;2;4;4;2;1;3;2;2;3;3;3;3;1;1;1;3;3;2;1;3;3;1;3;3;2;4;1;1;1;1;1;1;1;1;3;1;1;3;5;4;5;4;2;2;4;4;3;4;3;3;3;4;1;2;5;3;2;4;3;2;3
99;22/11/2023;1;5;1;3;0;4;4;2;1;1;2;2;2;3;3;3;2;3;3;2;4;4;2;2;3;4;2;4;3;4;4;3;4;4;2;3;4;2;3;3;3;3;3;5;4;3;2;1;4;3;3;1;2;3;2;3;1;2;3;4;4;3;5;2;3
100;22/11/2023;2;3;0;0;2;3;3;2;1;1;2;3;3;3;3;3;2;3;2;3;3;2;2;2;3;2;3;3;3;2;3;2;3;2;2;2;2;2;3;3;3;2;4;5;3;4;1;2;4;3;5;1;1;4;2;3;1;2;4;3;3;1;3;4;3
101;22/11/2023;1;5;1;3;0;1;1;2;1;1;2;2;3;3;3;3;2;3;1;3;2;2;3;2;4;3;3;3;3;4;4;2;3;1;4;3;4;4;4;4;4;4;3;3;2;4;1;1;4;3;3;2;1;3;3;3;1;1;4;5;4;3;4;1;3
102;22/11/2023;2;4;0;0;2;2;2;2;1;1;2;2;3;2;4;4;3;3;3;2;2;2;2;2;3;2;2;3;2;2;3;2;3;2;2;2;2;2;3;3;4;2;3;4;3;5;1;1;5;1;5;1;1;4;1;3;1;1;5;5;4;1;4;1;3
103;22/11/2023;2;5;0;0;2;4;4;2;1;1;2;3;3;3;3;3;2;3;3;2;3;2;2;2;3;3;3;3;3;2;2;2;3;3;2;3;3;3;3;3;2;2;4;5;5;5;1;1;5;3;5;1;4;3;3;3;1;3;5;5;3;3;1;1;3
104;22/11/2023;1;3;1;3;0;4;3;2;1;3;2;2;2;2;3;2;2;2;2;3;2;2;3;1;3;2;3;2;2;3;2;1;2;3;2;2;2;2;2;3;2;2;4;4;4;5;2;4;4;4;4;3;2;2;4;4;2;3;4;3;3;4;3;4;3
105;22/11/2023;1;2;1;3;0;4;2;2;1;1;1;1;3;2;3;2;1;1;2;2;3;2;1;1;4;3;2;3;3;3;2;2;3;3;3;3;3;3;2;2;3;2;4;5;4;4;1;3;5;4;5;1;2;2;4;3;1;4;5;4;5;1;5;1;3
106;22/11/2023;2;3;0;0;2;3;3;2;1;3;1;3;3;3;3;2;1;1;2;3;4;2;3;1;3;3;3;2;3;3;2;1;4;2;3;3;3;2;1;3;1;1;3;4;2;4;1;1;5;3;5;2;2;2;1;5;1;1;5;5;5;3;3;1;3
107;22/11/2023;2;3;0;0;2;2;2;6;1;1;2;3;3;3;3;3;3;3;3;2;4;4;2;3;3;3;3;4;3;3;2;3;4;3;2;3;3;3;3;3;3;3;1;1;1;2;1;1;5;1;5;1;1;4;1;1;1;1;5;5;5;1;5;2;3
108;22/11/2023;2;5;0;0;2;1;1;6;1;1;2;3;3;4;3;3;3;3;3;3;3;3;3;3;3;3;3;3;3;3;2;3;3;3;3;3;3;3;3;3;3;3;3;3;3;5;1;1;5;3;4;1;2;3;1;2;1;2;4;3;3;1;4;4;3
109;22/11/2023;2;4;0;0;2;1;1;6;1;1;2;3;3;3;3;3;3;3;3;3;3;3;3;3;3;3;3;3;3;3;3;2;3;3;3;3;3;3;3;3;2;3;3;3;3;4;1;2;5;2;5;5;4;3;2;3;1;2;4;4;4;2;4;5;3
110;22/11/2023;1;5;1;3;0;2;2;2;1;1;1;3;3;2;2;3;2;2;3;2;3;3;3;2;3;3;3;3;3;3;2;3;3;2;3;3;3;3;2;3;3;3;5;4;2;3;1;2;5;3;3;2;1;4;3;4;5;3;3;4;4;3;5;2;3
111;22/11/2023;2;2;0;0;2;1;1;6;1;1;2;3;3;3;4;4;4;3;4;1;4;3;1;3;4;2;4;4;4;4;4;3;4;4;2;4;4;4;4;4;3;4;1;2;1;1;1;2;5;1;5;1;1;3;1;1;1;1;5;5;3;1;4;3;3
112;22/11/2023;1;4;1;3;0;4;3;2;1;1;2;2;4;2;3;2;3;2;3;2;3;3;2;2;3;3;3;3;3;3;3;3;3;2;3;3;3;2;3;2;2;3;4;4;3;5;1;3;4;3;4;2;4;2;3;4;1;4;3;3;4;3;3;1;3
113;22/11/2023;2;5;0;0;2;2;2;2;1;1;1;3;3;4;4;3;3;3;3;4;3;3;4;3;3;4;3;4;3;4;4;3;3;2;3;3;3;2;3;3;4;4;3;3;3;5;1;3;5;2;4;1;1;3;1;2;1;2;5;5;3;1;5;2;3
114;22/11/2023;2;5;0;0;2;2;2;2;1;1;1;3;3;4;4;3;3;3;3;4;3;3;4;3;3;4;3;4;3;4;4;3;3;2;3;3;3;2;3;3;4;4;3;3;3;5;1;3;5;2;4;1;1;3;1;2;1;2;5;5;3;1;5;2;3
115;22/11/2023;2;5;0;0;2;2;2;2;1;1;1;3;3;4;4;3;3;3;3;4;3;3;4;3;3;4;3;4;3;4;4;3;3;2;3;3;3;2;3;3;4;4;3;3;3;5;1;3;5;2;4;1;1;3;1;2;1;2;5;5;3;1;5;2;3
116;22/11/2023;2;3;0;0;2;2;2;6;1;1;2;3;3;3;3;3;2;2;2;2;3;3;2;3;3;2;3;3;3;3;2;3;3;2;2;3;3;3;2;3;3;2;2;3;3;4;1;2;5;1;4;2;1;4;1;3;1;2;4;3;4;1;4;2;3
117;22/11/2023;2;1;0;0;2;2;1;3;1;1;2;3;4;4;4;4;3;3;3;3;4;4;3;3;4;3;4;4;4;4;3;3;4;4;4;3;3;3;3;4;4;4;1;2;1;3;1;1;5;1;5;1;1;5;1;2;1;2;5;5;5;1;5;1;3
118;22/11/2023;1;2;1;1;0;2;2;2;1;1;2;3;3;3;3;4;3;3;3;3;3;3;3;3;3;3;3;3;3;3;3;3;3;3;3;3;3;3;3;3;3;3;1;4;4;3;2;1;3;3;3;4;5;4;1;1;1;1;1;1;1;1;1;1;3
119;22/11/2023;2;5;0;0;2;4;4;2;1;1;2;3;3;3;3;3;2;2;2;2;3;3;3;3;3;2;3;3;3;3;2;2;3;2;3;3;3;3;3;3;2;3;2;3;2;4;2;2;4;2;4;3;3;4;1;2;1;2;4;4;4;1;4;1;3
120;22/11/2023;2;3;0;0;2;3;3;2;1;2;2;3;2;3;3;3;2;1;1;2;3;2;2;2;4;3;3;3;3;4;3;2;3;2;3;3;2;3;2;3;2;3;5;5;5;5;1;1;5;3;5;2;5;3;2;3;1;1;5;4;5;3;1;1;3
121;22/11/2023;2;3;0;0;2;3;2;3;1;2;2;2;2;3;3;3;2;3;2;2;3;2;2;2;3;3;3;4;2;3;2;2;2;2;2;3;2;2;3;3;3;3;3;3;3;4;1;1;5;2;5;3;1;4;1;3;1;2;5;4;4;1;3;4;3
122;22/11/2023;1;5;1;3;0;1;1;2;1;1;2;2;3;3;3;3;2;3;1;3;2;2;3;2;4;3;3;3;3;4;4;2;3;1;4;3;4;4;4;4;4;4;3;3;2;4;1;1;4;3;3;2;1;3;3;3;1;1;4;5;4;3;4;1;3
123;22/11/2023;2;5;0;0;2;4;4;2;1;1;1;2;3;3;3;3;3;2;2;2;3;2;2;1;3;3;3;3;3;2;3;1;3;3;3;2;3;3;3;3;3;2;4;4;5;4;1;2;3;4;4;2;3;2;4;4;1;3;3;3;5;3;3;3;3
124;22/11/2023;2;2;0;0;2;2;2;2;1;1;2;3;4;3;3;3;1;1;2;1;3;1;1;1;4;2;4;3;3;3;3;1;1;3;2;3;3;1;3;3;1;3;3;5;3;5;1;1;5;2;2;1;1;1;2;3;1;1;5;3;3;3;5;1;3
125;22/11/2023;2;3;0;0;2;3;3;2;1;1;2;3;3;3;3;3;2;3;2;3;3;2;2;2;3;2;3;3;3;2;3;2;3;2;2;2;2;2;3;3;3;2;4;5;3;4;1;2;4;3;5;1;1;4;2;3;1;2;4;3;3;1;3;4;3
126;22/11/2023;1;4;1;3;0;4;4;2;1;1;2;3;3;3;3;2;2;3;3;2;2;2;2;2;3;3;3;3;3;3;3;2;3;2;2;2;3;2;3;3;3;3;3;3;2;5;1;1;4;2;5;1;1;2;2;2;1;1;5;4;5;1;5;1;3
127;22/11/2023;1;2;4;3;0;3;2;3;1;1;2;1;3;1;3;3;1;2;1;1;3;1;1;1;4;3;3;2;2;3;1;1;4;1;3;1;1;3;2;1;4;1;5;5;5;2;3;4;4;5;3;4;5;1;5;5;4;5;4;4;3;5;3;1;3
128;22/11/2023;2;4;0;0;2;2;2;3;1;1;2;1;3;1;3;3;2;1;1;1;3;2;1;2;3;3;3;3;2;3;2;2;3;2;3;3;1;3;2;2;3;2;5;5;5;3;3;3;5;5;1;5;5;1;5;5;2;5;3;1;3;5;1;5;3
129;22/11/2023;1;5;1;1;0;4;1;2;4;1;2;2;2;3;4;4;3;3;2;3;3;3;3;3;4;3;2;3;3;2;3;3;3;2;2;3;3;3;3;2;4;2;3;2;2;5;2;1;5;3;3;1;3;4;3;2;1;2;4;4;3;2;4;1;3
130;22/11/2023;1;4;1;3;0;2;2;6;1;1;2;2;3;3;4;4;1;3;2;2;4;4;4;3;3;1;3;3;3;3;3;2;3;3;3;4;3;3;3;3;1;3;2;3;3;4;1;2;4;3;5;1;2;4;1;2;5;2;3;3;3;1;4;3;3
131;22/11/2023;2;3;0;0;2;2;2;5;1;2;2;3;3;3;3;3;3;3;3;2;3;3;3;3;3;3;3;3;3;3;3;3;3;3;3;3;3;3;3;3;3;3;5;5;5;5;5;5;5;5;5;5;5;3;1;2;1;2;4;5;5;3;5;3;3
132;22/11/2023;2;4;0;0;2;4;4;5;4;2;2;3;3;3;3;3;3;3;3;2;3;3;2;3;3;2;3;3;3;3;2;3;3;3;3;3;3;3;3;3;2;3;3;3;3;5;1;2;4;1;4;1;1;3;1;2;1;3;2;4;5;2;3;2;3
133;22/11/2023;2;5;0;0;2;4;4;5;4;1;2;1;3;3;3;3;3;3;2;2;3;3;2;2;3;2;3;3;2;2;3;2;2;3;2;3;3;3;3;3;3;3;4;4;4;4;1;3;4;4;3;3;3;1;3;3;1;3;5;5;3;4;3;3;3
134;22/11/2023;2;5;0;0;2;4;4;5;4;1;2;1;3;3;3;3;3;3;2;2;3;3;2;2;3;2;3;3;2;2;3;2;2;3;2;3;3;3;3;3;3;3;4;4;4;4;1;3;4;4;3;3;3;1;3;3;1;3;5;5;3;4;3;3;3
135;22/11/2023;2;4;0;0;2;3;3;7;1;1;2;2;3;3;3;3;3;3;3;2;3;3;2;3;3;3;3;3;3;3;3;3;3;3;3;3;3;3;3;3;4;3;3;3;3;4;1;1;5;3;5;1;3;4;1;3;1;3;5;5;5;1;5;5;3
136;22/11/2023;1;3;1;3;0;2;2;5;1;1;2;3;3;3;3;3;3;3;3;3;3;3;3;3;3;3;3;3;3;3;3;3;3;3;3;3;4;3;3;3;3;4;1;1;1;5;1;1;5;1;5;1;1;5;1;1;1;1;5;5;5;1;5;1;3
137;22/11/2023;1;2;1;3;0;4;4;7;1;1;1;1;3;2;3;2;1;1;1;2;3;1;3;3;3;3;4;2;3;4;2;1;2;1;3;1;3;2;3;3;4;4;5;5;5;3;1;3;5;4;1;2;2;2;2;5;1;1;3;2;5;4;3;1;3
138;22/11/2023;2;5;0;0;2;4;4;6;1;1;1;3;3;3;3;3;1;1;2;3;2;3;3;3;3;3;3;3;3;3;3;3;3;3;3;3;3;3;2;3;3;3;3;3;3;5;1;1;5;1;5;5;1;5;1;1;1;1;5;5;5;1;5;5;3
139;22/11/2023;2;4;0;0;2;3;3;2;1;1;2;3;3;1;4;3;2;3;4;3;2;2;3;1;4;3;3;4;3;3;1;2;4;3;3;3;3;3;3;3;2;3;4;3;3;4;1;3;5;4;3;3;3;2;4;3;1;2;4;4;3;3;5;2;3
140;22/11/2023;2;4;0;0;2;3;3;2;1;1;2;3;3;1;4;3;2;3;4;3;2;2;3;1;4;3;3;4;3;3;1;2;4;3;3;3;3;3;3;3;2;3;4;3;3;4;1;3;5;4;3;3;3;2;4;3;1;2;4;4;3;3;5;2;3
141;22/11/2023;1;5;1;3;0;4;4;5;4;1;2;2;3;2;3;2;2;1;2;1;3;3;2;1;3;2;2;3;3;2;3;1;2;3;2;3;3;3;2;3;4;3;5;4;5;4;1;3;5;4;5;1;1;3;4;4;1;3;4;3;3;3;4;1;3
142;22/11/2023;1;3;1;3;0;4;3;2;1;3;2;1;2;1;2;3;1;1;1;1;2;1;1;1;3;1;2;2;2;2;1;1;1;1;1;2;2;1;3;2;4;1;5;5;5;2;1;3;4;5;3;1;1;2;5;5;1;3;4;3;4;4;3;1;3
143;22/11/2023;1;5;1;1;0;4;2;5;4;1;2;3;3;4;3;3;3;3;3;3;4;4;3;4;4;4;4;4;4;4;4;4;4;4;4;3;4;4;4;3;4;3;2;2;1;5;1;1;5;1;5;1;1;4;1;2;1;1;5;4;4;1;5;1;3
144;22/11/2023;2;4;0;0;2;3;3;5;4;1;2;2;2;1;3;2;1;1;2;1;1;2;2;1;3;1;1;2;3;3;2;1;3;2;1;3;3;3;2;1;3;1;5;5;5;4;1;4;5;5;5;1;5;1;5;5;1;4;5;4;4;5;3;1;3
145;22/11/2023;2;5;0;0;2;1;1;3;1;3;2;1;3;2;3;3;3;1;1;1;2;2;1;1;2;1;1;3;2;2;2;1;3;1;1;1;3;2;1;3;1;3;4;4;1;5;1;1;5;3;5;1;1;3;3;4;1;1;3;3;5;3;5;1;3
146;23/11/2023;2;3;0;0;2;4;3;5;4;1;2;3;3;3;3;1;1;2;3;3;2;2;2;1;4;3;3;3;3;2;3;1;4;2;3;1;4;2;1;3;3;3;3;4;5;5;1;3;5;3;5;1;5;3;4;5;1;3;5;3;3;3;3;1;3
147;23/11/2023;1;4;1;3;0;2;2;2;1;3;1;2;3;3;3;4;2;2;2;2;3;3;2;1;4;2;3;2;3;3;3;2;3;3;2;1;2;3;3;3;4;4;4;3;2;5;1;2;5;3;5;1;3;3;3;3;1;3;4;4;4;3;3;1;3
148;23/11/2023;2;3;0;0;2;3;3;2;1;3;2;3;3;2;3;3;2;2;2;3;3;3;3;2;3;3;3;3;2;2;2;2;3;3;3;3;3;3;3;3;3;3;3;3;3;4;1;2;4;3;3;3;3;2;2;3;1;3;5;5;3;2;4;3;3
149;23/11/2023;2;3;0;0;2;3;3;2;1;3;2;3;3;2;2;2;2;2;2;3;3;3;3;2;3;2;2;2;2;2;2;3;2;3;3;2;2;3;2;3;2;3;5;5;5;5;5;3;3;3;4;4;4;3;3;3;3;3;4;3;3;5;5;3;3
150;23/11/2023;2;5;0;0;2;4;4;2;1;1;2;3;3;3;3;3;3;3;3;3;3;3;3;2;3;3;3;3;3;3;3;3;3;3;3;3;3;3;3;3;3;3;3;3;3;3;1;3;5;3;5;5;3;3;1;3;1;2;5;3;5;1;3;1;3
151;23/11/2023;1;3;1;3;0;4;3;2;1;3;2;3;3;3;4;3;1;3;2;3;4;4;4;2;3;3;3;3;3;3;3;2;3;2;3;3;3;2;3;3;4;3;3;4;5;5;1;1;4;4;4;1;1;3;3;4;1;2;4;3;4;1;5;1;3
152;23/11/2023;2;5;0;0;2;4;4;2;1;3;1;3;3;3;3;3;3;3;3;3;3;3;3;3;3;3;3;3;3;3;3;3;3;3;3;3;3;3;3;3;3;3;5;3;3;5;1;1;4;1;4;3;1;4;1;1;1;1;5;4;4;1;5;1;3
153;23/11/2023;1;5;1;3;0;2;2;2;1;1;1;3;3;2;2;3;2;2;3;2;3;3;3;2;3;3;3;3;3;3;2;3;3;2;3;3;3;3;2;3;3;3;5;4;2;3;1;2;5;3;3;2;1;4;3;4;5;3;3;4;4;3;5;2;3
154;23/11/2023;2;3;0;0;2;3;3;2;1;3;1;3;3;2;3;3;2;2;2;3;3;3;3;2;3;3;3;3;3;3;2;2;2;2;2;2;3;3;2;2;2;2;5;5;5;5;1;5;5;4;5;1;1;1;3;4;5;3;4;4;5;5;5;2;3
155;23/11/2023;2;5;0;0;2;4;4;2;1;3;2;1;3;3;3;3;2;2;3;3;2;2;2;2;3;2;3;3;2;2;2;3;3;2;3;2;2;3;3;3;3;2;3;3;3;3;1;2;4;3;3;4;1;3;1;3;1;3;3;3;3;3;4;1;3
156;23/11/2023;1;3;1;3;0;2;2;2;1;1;2;3;3;2;3;2;2;2;3;3;3;2;3;2;3;2;3;3;3;3;3;2;2;2;3;2;3;3;3;3;3;3;4;3;4;4;1;3;4;4;5;3;3;2;3;2;1;3;5;3;2;4;3;3;3
157;23/11/2023;2;5;0;0;2;4;4;2;1;3;2;2;3;2;2;2;2;2;2;2;1;1;1;1;3;3;3;3;3;2;1;1;3;2;2;2;2;2;1;3;3;2;3;3;3;4;1;3;5;3;5;1;1;3;3;3;1;2;5;3;5;2;4;1;3
158;23/11/2023;1;4;1;3;0;1;1;2;1;3;1;2;3;2;3;2;2;2;1;1;3;3;2;2;4;4;3;3;3;3;2;3;3;3;3;3;2;3;2;3;3;3;5;5;5;5;1;4;4;5;3;4;4;2;4;5;2;4;4;2;3;4;2;1;3
159;23/11/2023;2;4;0;0;2;4;4;2;1;3;2;3;4;3;4;3;3;3;2;3;4;3;3;3;3;4;4;3;3;2;3;3;4;4;3;3;4;3;3;4;4;3;3;5;3;4;1;1;5;3;5;1;1;1;1;3;1;1;5;4;5;3;5;1;3
160;23/11/2023;2;3;0;0;2;2;2;3;1;3;2;2;3;2;4;4;1;2;1;1;3;1;2;1;4;2;3;4;4;4;2;3;2;1;3;4;4;2;4;3;4;4;3;5;5;4;1;1;5;2;4;1;1;2;3;2;1;3;3;2;4;2;4;3;3
161;23/11/2023;2;4;0;0;2;4;4;2;1;3;2;2;2;3;2;3;2;3;3;2;3;2;2;2;3;3;3;3;3;3;2;2;3;1;2;3;1;3;2;2;4;2;4;4;3;3;3;2;4;3;3;3;2;1;4;3;1;3;3;4;3;3;3;1;3
162;23/11/2023;2;3;0;0;2;3;3;3;1;3;2;2;3;1;4;2;1;1;2;1;1;1;1;1;4;2;3;3;3;3;1;1;4;2;2;3;2;2;1;3;4;3;4;5;3;4;1;3;5;3;4;2;1;1;4;4;2;2;4;3;2;3;2;3;3
163;23/11/2023;2;3;0;0;2;2;2;6;1;1;2;4;3;2;3;3;2;2;3;1;3;2;2;2;3;3;3;3;3;3;3;3;3;3;3;3;3;3;3;3;2;3;4;3;3;4;1;1;5;1;4;1;1;3;1;1;1;1;4;4;4;2;3;4;3
164;23/11/2023;2;5;0;0;2;4;3;6;1;1;2;3;3;3;3;3;3;3;3;3;3;2;3;3;3;3;3;3;3;3;3;3;3;3;3;3;3;3;3;3;3;3;3;3;3;4;1;1;5;3;5;1;1;2;2;2;1;2;5;4;5;2;4;1;3
165;23/11/2023;2;3;0;0;2;1;1;5;1;1;2;2;1;2;3;3;2;2;2;2;2;2;2;1;2;3;2;3;3;2;2;2;2;2;2;3;3;3;3;3;3;3;3;4;3;5;1;3;5;3;4;1;1;2;2;3;1;2;4;2;4;3;4;3;3
166;23/11/2023;2;5;0;0;2;4;4;5;4;1;2;3;3;3;3;3;3;3;3;3;3;3;3;3;3;3;3;3;3;3;3;3;3;3;3;3;3;3;3;3;2;2;3;3;4;4;1;1;5;3;4;5;1;2;1;1;1;1;5;5;5;1;5;1;3
167;23/11/2023;2;3;0;0;2;3;3;7;1;1;2;2;2;3;3;2;2;2;3;2;3;2;2;3;3;2;3;3;3;3;3;3;3;3;3;3;3;3;2;3;3;3;3;4;4;3;3;4;5;3;3;3;4;1;3;3;2;3;2;2;5;3;5;2;3
168;23/11/2023;1;4;1;3;0;3;3;3;4;1;2;2;3;4;4;3;3;3;2;2;4;4;2;4;3;3;3;4;4;3;4;3;4;3;4;3;4;4;4;2;4;2;2;2;1;4;1;1;5;1;4;1;1;4;2;3;1;3;5;5;5;1;5;4;3
169;23/11/2023;2;3;0;0;2;1;1;1;1;1;1;4;4;4;4;4;4;4;4;2;4;4;2;4;4;3;4;4;4;3;4;4;4;4;3;4;3;4;4;4;4;4;2;2;1;4;1;1;4;1;5;1;1;4;1;1;1;1;5;5;5;1;5;1;3
170;23/11/2023;1;5;1;3;0;1;1;3;1;1;2;3;3;3;3;3;3;3;3;2;3;3;2;3;3;3;3;3;3;3;3;3;3;3;3;3;3;3;3;3;3;3;3;2;2;4;1;1;5;2;4;1;1;2;1;3;1;1;5;4;4;1;5;2;3
171;23/11/2023;1;5;1;3;0;1;1;3;1;1;2;3;3;3;3;3;3;3;3;2;3;3;2;3;3;3;3;3;3;3;3;3;3;3;3;3;3;3;3;3;3;3;3;2;2;4;1;1;5;2;4;1;1;2;1;3;1;1;5;4;4;1;5;2;3
172;23/11/2023;2;5;0;0;2;4;4;6;1;1;2;3;3;3;3;2;2;2;3;3;3;1;3;1;3;3;3;3;3;3;1;1;3;3;3;3;3;3;3;3;3;3;3;2;3;4;1;1;5;3;4;5;1;3;2;2;1;3;5;3;5;2;3;1;3
173;23/11/2023;2;5;0;0;2;4;4;6;1;1;2;3;3;3;3;2;2;2;3;3;3;1;3;1;3;3;3;3;3;3;1;1;3;3;3;3;3;3;3;3;3;3;3;2;3;4;1;1;5;3;4;5;1;3;2;2;1;3;5;3;5;2;3;1;3
174;23/11/2023;2;5;0;0;2;4;4;6;1;1;2;3;3;3;3;4;3;3;3;2;3;3;2;2;3;2;3;3;3;4;2;2;3;3;4;3;3;3;3;3;4;3;2;3;2;5;1;1;5;1;5;1;1;4;1;3;1;1;5;5;4;1;5;1;3
175;23/11/2023;1;4;4;3;0;4;2;5;1;1;1;2;2;2;3;3;1;2;3;2;4;4;2;2;3;3;2;3;1;3;1;1;3;2;1;2;3;2;1;3;1;3;5;5;5;4;1;3;3;3;5;1;3;1;3;3;1;3;2;2;4;3;3;5;3
176;23/11/2023;2;4;0;0;2;4;2;6;1;1;2;3;3;3;3;3;2;3;3;3;4;3;3;3;3;3;4;3;3;4;3;3;3;3;3;3;3;3;3;3;3;3;1;2;2;4;1;1;5;1;5;1;1;5;1;1;5;2;5;5;5;2;5;1;3
177;23/11/2023;1;5;1;3;0;4;4;7;1;1;1;2;1;1;2;3;1;1;1;1;3;3;1;1;4;2;1;1;2;2;1;1;1;1;1;2;2;1;1;2;3;3;5;5;5;4;1;1;5;3;4;1;1;2;3;5;2;2;4;4;4;4;2;2;3
178;23/11/2023;1;3;1;3;0;4;3;2;1;3;2;2;2;2;3;2;2;2;2;3;2;2;3;1;3;2;3;2;2;3;2;1;2;3;2;2;2;2;2;3;2;2;4;4;4;5;2;4;4;4;4;3;2;2;4;4;2;3;4;3;3;4;3;4;3
179;23/11/2023;1;4;1;1;0;2;2;1;4;1;2;2;3;4;4;4;4;4;2;3;4;3;3;4;4;4;3;3;3;3;4;3;4;4;3;3;3;4;4;3;4;2;3;4;3;5;1;2;4;2;4;1;1;3;2;3;1;1;5;5;5;2;4;1;3
180;23/11/2023;2;4;0;0;2;4;4;2;1;3;2;1;3;1;3;3;3;1;1;1;1;2;1;1;4;4;3;3;3;3;1;1;3;2;2;1;3;2;1;3;4;1;3;3;1;5;1;3;5;3;5;3;3;5;3;1;1;1;5;5;5;3;3;1;3
181;23/11/2023;2;4;0;0;2;4;4;2;1;3;2;1;3;1;3;3;3;1;1;1;1;2;1;1;4;4;3;3;3;3;1;1;3;2;2;1;3;2;1;3;4;1;3;3;1;5;1;3;5;3;5;3;3;5;3;1;1;1;5;5;5;3;3;1;3
182;23/11/2023;2;4;0;0;2;2;2;5;1;1;2;3;3;3;3;4;3;3;3;3;3;3;3;3;3;3;3;3;3;3;3;3;3;3;3;3;3;3;3;3;3;3;3;3;3;5;1;2;5;2;2;1;1;3;2;3;5;1;5;5;5;2;5;1;3
183;23/11/2023;2;4;0;0;2;1;1;3;1;1;1;1;2;2;3;2;2;2;2;2;2;1;2;2;4;3;3;3;2;2;1;2;2;2;2;2;2;3;1;2;3;2;4;4;4;5;1;2;5;4;5;1;2;1;3;4;1;2;5;4;4;3;4;2;3
184;23/11/2023;2;5;0;0;2;1;1;7;1;3;2;3;3;4;4;4;2;4;3;3;4;4;2;4;4;3;3;3;3;4;3;3;3;3;3;3;4;4;3;3;3;3;3;4;3;4;1;1;4;3;4;1;1;4;1;1;1;1;4;4;4;1;4;2;3
185;23/11/2023;2;2;0;0;2;3;3;3;1;3;2;2;3;2;3;2;2;3;2;1;3;2;2;2;2;2;3;3;3;2;2;2;3;3;3;1;1;2;1;3;3;3;5;4;4;5;1;3;5;4;4;1;3;3;3;4;1;1;5;4;4;2;5;5;3
186;24/11/2023;1;5;1;3;0;4;4;1;1;3;2;3;4;4;4;4;3;3;4;3;4;3;2;4;4;3;3;4;4;4;4;4;3;3;3;3;4;3;3;3;3;4;3;3;3;4;1;1;4;3;4;1;2;3;4;3;1;2;4;4;4;1;3;1;3
187;24/11/2023;2;4;0;0;2;4;4;1;1;3;2;4;4;4;4;4;4;3;3;3;4;4;3;3;3;3;3;3;3;4;3;3;3;3;3;3;3;3;3;3;2;1;2;2;2;3;1;2;5;1;5;1;1;5;1;1;1;1;5;5;5;1;5;1;3
188;24/11/2023;2;5;0;0;2;4;4;3;1;3;2;2;3;2;3;3;2;2;2;2;2;2;2;2;3;2;2;3;3;2;2;2;3;2;2;2;3;2;2;3;3;3;3;3;3;4;1;1;5;1;5;1;3;3;3;2;1;1;4;3;4;1;4;1;3
189;24/11/2023;2;4;0;0;2;3;3;2;1;3;2;3;3;3;3;3;3;3;3;3;3;3;3;3;3;3;3;3;3;3;3;3;3;3;3;3;3;3;3;3;3;3;3;3;2;5;1;2;5;1;4;1;1;3;1;1;1;1;4;4;5;1;5;1;3
190;24/11/2023;1;1;1;3;0;4;1;3;1;3;2;2;3;3;3;3;2;3;2;2;3;2;2;2;3;2;2;3;3;3;3;2;3;3;3;3;3;3;2;3;3;3;2;3;3;5;1;1;4;2;3;1;1;3;2;3;1;2;4;4;3;1;5;1;3
191;24/11/2023;2;4;0;0;2;4;4;2;1;1;1;3;3;2;3;4;2;3;2;3;2;2;2;2;3;1;3;3;2;2;3;2;3;3;2;2;3;2;3;3;3;3;3;3;3;2;1;1;2;1;1;1;1;2;3;3;1;3;5;3;5;2;5;3;3
192;24/11/2023;2;3;0;0;2;3;3;1;1;1;1;1;2;1;4;1;1;2;1;1;1;1;1;1;3;2;2;1;1;4;1;1;3;1;1;1;1;1;1;1;1;1;5;5;5;4;1;1;5;5;5;1;4;2;4;5;1;1;5;5;5;5;5;1;3
193;24/11/2023;2;3;0;0;2;1;1;2;1;1;2;3;3;3;3;3;2;3;3;2;3;2;2;3;3;3;3;3;3;3;3;3;3;2;3;3;3;2;3;3;3;2;3;3;3;4;1;1;4;3;4;1;1;3;2;3;1;1;4;4;4;2;4;1;3
194;24/11/2023;2;5;0;0;2;4;4;1;1;1;2;3;3;3;3;1;1;1;1;1;2;3;1;2;3;2;3;1;3;1;2;1;2;2;3;3;3;1;3;2;2;3;3;3;3;5;1;2;5;2;3;1;3;3;3;3;1;3;3;5;3;3;4;1;3
195;24/11/2023;1;5;1;3;0;4;4;2;1;1;2;1;3;1;3;1;1;2;1;1;3;3;1;1;2;3;3;2;1;3;1;1;3;1;3;3;1;3;2;3;3;3;5;5;5;4;5;5;5;5;1;5;5;1;5;5;5;5;2;2;2;5;1;5;3
196;24/11/2023;2;3;0;0;2;2;2;2;1;1;2;1;2;1;3;3;1;1;3;1;2;2;1;3;3;2;2;2;3;4;1;2;3;2;2;3;1;2;1;3;1;2;5;5;5;3;3;5;3;5;3;5;5;1;5;5;1;4;3;2;5;5;1;1;3
197;24/11/2023;2;3;0;0;2;2;2;2;1;1;2;1;2;1;3;3;1;1;3;1;2;2;1;3;3;2;2;2;3;4;1;2;3;2;2;3;1;2;1;3;1;2;5;5;5;3;3;5;3;5;3;5;5;1;5;5;1;4;3;2;5;5;1;1;3
198;24/11/2023;2;3;0;0;2;3;3;2;1;3;2;4;3;3;3;3;1;2;3;3;3;3;3;3;3;3;3;3;3;3;3;3;3;3;3;3;3;3;3;3;3;3;2;2;2;2;1;1;5;1;2;5;1;5;1;1;1;2;5;5;5;1;5;1;3
199;24/11/2023;2;4;0;0;2;3;3;2;1;1;2;1;3;2;3;2;2;2;2;1;3;4;1;2;3;3;3;3;3;3;2;2;3;2;2;2;2;3;3;3;3;2;5;5;4;5;1;1;5;5;4;3;3;2;3;5;1;3;3;3;3;4;5;4;3
200;24/11/2023;1;2;1;3;0;2;2;3;1;1;2;2;2;3;3;2;2;2;2;1;2;2;1;1;2;3;2;3;3;3;2;2;3;3;3;3;2;2;1;2;3;2;5;5;5;4;3;3;3;5;4;4;2;2;3;5;1;3;4;3;5;5;3;4;3
201;24/11/2023;1;2;1;3;0;4;2;3;1;1;1;2;3;3;3;3;3;3;2;2;3;3;2;3;4;3;3;3;3;3;2;3;3;3;2;2;3;3;2;3;3;2;3;3;2;3;1;1;5;2;4;1;1;3;2;2;1;1;5;5;4;1;4;2;3
202;24/11/2023;2;3;0;0;2;1;1;3;1;1;2;3;3;3;3;3;2;3;2;2;4;3;2;3;3;2;3;2;3;3;3;3;3;3;2;3;3;3;3;3;3;3;3;3;3;4;1;2;4;1;4;1;2;3;2;4;1;2;4;3;4;1;4;1;3
203;24/11/2023;1;2;1;3;0;4;1;3;1;1;2;1;3;1;3;4;2;2;3;1;3;3;1;1;3;4;3;3;3;4;3;2;3;3;3;3;3;3;2;3;4;4;5;5;5;4;1;3;5;5;4;1;4;1;5;5;1;4;5;2;4;5;3;1;3
204;24/11/2023;1;5;1;3;0;2;2;3;1;2;2;1;3;2;4;4;1;3;2;1;3;1;1;3;3;3;1;4;1;3;3;1;3;3;1;1;2;1;1;1;4;1;5;5;5;5;3;2;4;5;3;1;3;1;5;5;2;3;4;4;4;4;2;1;3
205;24/11/2023;2;4;0;0;2;4;4;5;4;4;2;3;4;2;3;3;1;1;1;1;1;1;1;1;4;4;3;2;2;1;1;1;3;3;3;1;4;2;1;4;4;3;5;5;5;5;1;4;4;5;4;1;3;1;5;5;2;3;4;3;3;5;4;3;3
206;24/11/2023;1;3;1;3;0;4;3;1;1;1;2;1;3;4;3;3;2;3;3;2;2;2;2;3;3;2;3;3;2;4;2;2;3;2;3;2;2;2;3;2;2;2;4;4;4;2;1;4;4;4;4;2;4;1;4;3;1;4;4;2;2;4;3;1;3
207;24/11/2023;2;5;0;0;2;4;4;5;4;1;2;2;3;2;2;2;2;2;2;3;2;2;2;2;2;3;3;3;3;2;2;2;3;2;3;2;2;3;2;3;3;2;3;3;2;4;1;1;5;1;5;1;1;4;1;2;1;3;5;4;4;1;5;1;3
208;24/11/2023;2;3;0;0;2;2;2;3;1;1;1;4;4;3;4;4;2;3;3;3;3;3;3;2;4;3;3;3;3;4;3;3;4;3;3;3;3;3;3;3;3;2;2;3;3;5;1;2;5;2;5;1;2;4;1;3;1;2;5;4;5;2;4;1;3
209;24/11/2023;2;4;0;0;2;4;4;3;1;1;2;2;3;2;3;2;2;3;3;1;1;1;2;1;3;3;3;3;3;2;2;2;3;3;3;3;3;3;1;3;3;2;4;5;3;3;1;5;3;4;3;3;3;2;3;5;1;3;4;3;4;3;3;3;3
210;24/11/2023;2;4;0;0;2;1;1;3;1;1;1;2;4;4;4;4;4;4;2;2;2;2;1;3;4;3;3;4;4;4;4;4;4;4;4;4;3;3;3;3;4;4;3;3;4;4;1;2;5;2;3;1;2;2;2;2;1;1;5;3;5;1;5;1;3
211;24/11/2023;2;4;0;0;2;2;2;3;1;1;2;3;3;3;3;3;3;3;3;3;3;3;3;3;3;3;3;3;3;3;3;3;3;3;3;3;3;3;3;3;3;3;3;3;1;5;1;1;5;1;5;5;1;5;1;1;1;1;5;5;5;1;5;5;3
212;24/11/2023;2;4;0;0;2;1;1;3;1;1;1;2;3;3;3;3;3;2;2;1;3;3;1;3;3;3;3;3;3;3;2;3;2;3;3;3;3;3;3;3;3;3;1;3;3;5;1;1;3;3;5;1;3;3;3;3;1;1;5;4;3;2;5;2;3
213;24/11/2023;2;4;0;0;2;1;1;3;1;1;1;2;3;3;3;3;3;2;2;1;3;3;1;3;3;3;3;3;3;3;2;3;2;3;3;3;3;3;3;3;3;3;1;3;3;5;1;1;3;3;5;1;3;3;3;3;1;1;5;4;3;2;5;2;3
214;24/11/2023;2;4;0;0;2;1;1;3;1;1;1;2;3;3;3;3;3;2;2;1;3;3;1;3;3;3;3;3;3;3;2;3;2;3;3;3;3;3;3;3;3;3;1;3;3;5;1;1;3;3;5;1;3;3;3;3;1;1;5;4;3;2;5;2;3
215;24/11/2023;1;5;1;1;0;4;3;1;1;1;2;3;3;2;4;4;2;2;3;2;2;1;1;3;1;2;3;3;3;3;1;1;2;2;2;3;3;2;2;3;3;3;5;5;5;5;1;3;5;5;2;5;2;3;1;2;1;1;5;5;5;1;5;1;3
216;24/11/2023;2;2;0;0;2;2;2;3;1;1;2;1;3;3;4;4;4;3;1;1;3;3;1;2;3;3;2;3;2;3;2;3;3;2;3;3;3;2;3;2;3;3;3;4;1;5;1;1;5;3;5;1;5;3;3;4;1;3;5;3;3;3;4;3;3
217;24/11/2023;1;2;1;3;0;4;2;1;1;1;1;3;4;2;3;3;2;2;3;1;3;2;2;3;3;2;4;3;3;3;2;1;1;3;3;3;3;3;3;3;3;3;4;4;3;5;1;1;5;3;4;1;1;3;3;3;1;1;5;4;4;2;4;2;3
218;24/11/2023;1;5;1;3;0;4;4;6;1;1;2;3;3;3;3;4;3;3;4;3;3;3;3;3;4;4;3;4;3;3;3;3;4;3;3;4;3;3;3;3;3;2;3;3;4;4;1;2;4;2;5;3;4;4;2;3;2;3;4;4;5;2;4;1;3
219;24/11/2023;1;5;1;3;0;4;4;6;1;1;2;3;3;3;3;4;3;3;4;3;3;3;3;3;4;4;3;4;3;3;3;3;4;3;3;4;3;3;3;3;3;2;3;3;4;4;1;2;4;2;5;3;4;4;2;3;2;3;4;4;5;2;4;1;3
220;24/11/2023;2;4;0;0;2;3;3;3;1;3;2;2;3;3;3;3;3;3;3;1;3;3;2;3;3;3;3;3;3;3;3;3;3;3;3;3;3;3;3;3;3;3;1;2;1;5;1;1;5;2;5;1;1;5;2;2;1;1;5;5;5;1;5;2;3
221;24/11/2023;2;4;0;0;2;3;3;3;1;3;2;2;3;3;3;3;3;3;3;1;3;3;2;3;3;3;3;3;3;3;3;3;3;3;3;3;3;3;3;3;3;3;1;2;1;5;1;1;5;2;5;1;1;5;2;2;1;1;5;5;5;1;5;2;3
222;24/11/2023;1;4;1;3;0;3;3;2;1;3;1;2;3;2;3;2;2;2;2;2;3;2;2;1;3;3;3;1;1;3;2;1;2;2;2;1;1;2;1;1;3;1;5;4;4;4;3;3;4;5;5;3;3;1;5;4;1;3;3;3;3;4;3;2;3
223;25/11/2023;1;2;4;3;0;3;2;3;1;1;2;1;3;1;3;3;1;2;1;1;3;1;1;1;4;3;3;2;2;3;1;1;4;1;3;1;1;3;2;1;4;1;5;5;5;2;3;4;4;5;3;4;5;1;5;5;4;5;4;4;3;5;3;1;3
224;25/11/2023;2;4;0;0;2;4;4;3;1;3;2;1;2;1;3;3;2;1;2;1;1;1;1;2;4;3;2;3;3;2;1;1;3;3;2;1;2;3;1;2;4;2;5;5;5;4;3;4;4;5;3;3;3;2;5;5;3;5;4;3;2;5;3;5;3
225;25/11/2023;2;4;0;0;2;4;4;1;1;3;1;3;3;2;2;3;1;1;3;1;1;1;1;1;3;1;3;3;2;3;2;2;2;3;3;2;3;3;3;3;2;3;4;4;5;5;1;1;5;5;5;1;1;5;3;4;1;1;5;5;4;3;5;1;3
226;25/11/2023;2;5;0;0;2;4;4;1;1;3;2;3;3;3;3;2;3;2;2;3;2;2;3;3;3;3;3;3;3;3;2;2;3;3;3;3;3;3;3;3;3;3;4;5;1;5;1;1;5;1;5;1;1;5;1;1;1;1;5;5;5;1;5;1;3
227;25/11/2023;2;5;0;0;2;2;2;1;1;3;1;3;3;3;3;3;3;3;2;3;3;3;3;3;3;3;3;4;3;3;2;2;3;3;3;3;3;3;3;3;3;3;4;5;1;5;1;1;5;1;5;1;1;5;1;1;1;1;5;5;5;1;5;1;3
228;25/11/2023;2;5;0;0;2;4;4;1;1;1;1;3;3;2;3;2;2;2;2;2;2;2;2;2;3;1;3;3;3;2;2;1;3;2;2;3;3;2;2;3;2;3;3;3;1;3;1;1;5;2;4;1;1;4;1;3;1;1;4;4;3;1;3;1;3
229;25/11/2023;2;4;0;0;2;4;4;1;1;3;1;3;3;2;2;3;1;1;3;1;1;1;1;1;3;1;3;3;2;3;2;2;2;3;3;2;3;3;3;3;2;3;4;4;5;5;1;1;5;5;5;1;1;5;3;4;1;1;5;5;4;3;5;1;3
230;26/11/2023;2;3;0;0;2;1;3;5;1;1;2;3;3;3;3;3;3;3;3;3;3;3;3;3;3;3;3;3;3;3;3;3;3;3;3;3;3;3;3;3;3;3;1;1;1;5;1;1;5;1;5;1;1;5;1;1;1;1;5;5;5;1;5;1;3
231;26/11/2023;2;5;0;0;2;1;1;1;1;1;2;1;1;2;3;3;1;2;1;1;1;1;1;1;4;1;1;3;1;4;1;1;1;1;1;1;1;1;1;3;1;1;5;5;4;5;1;5;5;5;3;2;4;1;5;5;4;3;2;3;3;5;3;1;3
232;26/11/2023;2;4;0;0;2;4;3;1;1;1;2;1;3;1;3;3;3;1;4;1;4;3;2;3;3;1;3;3;3;4;1;1;3;3;3;3;3;3;3;2;3;3;5;5;3;5;1;1;5;3;5;1;1;4;2;3;1;1;5;5;5;2;2;1;3
233;26/11/2023;2;4;0;0;2;4;3;1;1;1;2;1;3;1;3;3;3;1;4;1;4;3;2;3;3;1;3;3;3;4;1;1;3;3;3;3;3;3;3;2;3;3;5;5;3;5;1;1;5;3;5;1;1;4;2;3;1;1;5;5;5;2;2;1;3
234;26/11/2023;2;3;0;0;2;2;2;3;1;2;2;1;2;1;3;1;1;1;1;1;1;1;1;2;3;2;2;3;3;2;1;1;1;2;2;2;3;2;2;3;3;2;3;5;3;5;1;3;4;3;4;3;3;2;3;3;4;3;4;4;5;3;5;3;3
235;26/11/2023;2;3;0;0;2;2;2;3;1;2;2;1;2;1;3;1;1;1;1;1;1;1;1;2;3;2;2;3;3;2;1;1;1;2;2;2;3;2;2;3;3;2;3;5;3;5;1;3;4;3;4;3;3;2;3;3;4;3;4;4;5;3;5;3;3
236;26/11/2023;2;5;0;0;2;1;1;3;1;1;1;2;2;2;3;3;2;2;2;1;2;2;1;2;3;3;2;3;3;2;1;2;3;2;2;3;3;3;3;2;2;3;3;5;2;4;1;1;5;3;5;1;1;4;3;3;1;3;4;5;5;3;5;3;3
237;26/11/2023;2;5;0;0;2;4;4;1;1;1;2;3;4;3;3;4;4;3;3;2;3;3;3;3;3;2;3;4;3;4;3;2;4;3;4;3;4;4;3;4;3;3;4;5;4;5;1;2;5;3;5;1;1;2;2;4;1;2;5;3;5;3;4;1;3
238;26/11/2023;2;5;0;0;2;4;4;1;1;1;2;3;4;3;3;4;4;3;3;2;3;3;3;3;3;2;3;4;3;4;3;2;4;3;4;3;4;4;3;4;3;3;4;5;4;5;1;2;5;3;5;1;1;2;2;4;1;2;5;3;5;3;4;1;3
239;26/11/2023;2;3;0;0;2;3;3;1;1;1;2;3;3;2;2;2;2;1;3;1;3;3;1;1;3;2;2;2;2;1;1;2;3;3;2;1;3;2;1;2;1;1;5;4;5;4;1;4;4;5;3;5;5;2;4;4;1;3;5;2;1;5;4;3;3
240;26/11/2023;2;3;0;0;2;3;3;1;1;1;2;3;3;2;2;2;2;1;3;1;3;3;1;1;3;2;2;2;2;1;1;2;3;3;2;1;3;2;1;2;1;1;5;4;5;4;1;4;4;5;3;5;5;2;4;4;1;3;5;2;1;5;4;3;3
241;26/11/2023;2;5;0;0;2;4;4;1;1;1;2;3;4;3;3;4;4;3;3;2;3;3;3;3;3;2;3;4;3;4;3;2;4;3;4;3;4;4;3;4;3;3;4;5;4;5;1;2;5;3;5;1;1;2;2;4;1;2;5;3;5;3;4;1;3
242;27/11/2023;2;4;0;0;2;3;3;2;1;1;2;3;3;3;3;4;3;3;4;3;4;4;3;2;3;4;3;3;3;4;2;3;4;3;3;3;3;3;3;3;4;3;3;3;2;5;1;1;5;2;5;1;1;2;1;3;1;1;5;5;4;1;5;1;3
243;27/11/2023;2;3;0;0;2;3;3;2;1;1;2;3;3;3;3;3;2;3;3;3;3;3;3;2;3;3;3;3;3;3;3;3;3;2;3;2;2;3;2;3;3;3;3;3;3;2;1;2;5;3;4;1;1;2;3;3;3;2;4;4;4;3;2;3;3
244;27/11/2023;1;5;1;3;0;4;4;5;4;1;2;4;3;3;3;3;3;3;2;3;3;3;3;3;3;3;3;3;3;3;3;3;3;3;2;3;3;2;3;3;3;3;3;2;3;5;1;1;5;1;5;3;2;3;1;3;1;3;5;5;3;3;5;1;3
245;27/11/2023;1;2;1;3;0;1;1;5;4;1;2;2;3;4;4;3;3;4;3;3;3;3;3;3;4;3;3;3;3;3;3;3;3;3;3;3;2;3;3;3;3;4;2;4;3;2;2;1;4;2;4;1;1;2;2;3;1;2;3;4;4;1;4;2;3
246;27/11/2023;2;3;0;0;2;3;3;5;1;1;1;3;3;2;4;2;2;2;3;4;3;2;4;1;3;3;4;3;4;3;2;2;3;3;3;3;3;3;2;3;3;3;1;1;1;5;1;1;5;1;4;1;1;5;1;1;1;1;5;5;5;1;4;1;3
247;27/11/2023;2;4;0;0;2;4;2;2;1;1;2;2;3;1;2;4;3;1;2;2;2;1;2;1;4;2;3;3;2;3;3;1;2;1;2;3;2;3;1;3;3;3;4;5;5;3;2;3;4;4;4;4;5;1;4;5;3;4;1;3;3;5;1;3;3
248;27/11/2023;1;5;1;3;0;4;2;2;1;1;2;2;2;2;3;3;1;1;1;3;3;3;2;2;3;2;2;2;3;2;2;1;2;1;2;1;3;3;2;1;2;3;5;5;5;4;5;3;5;5;3;3;4;1;5;3;5;3;3;3;2;4;3;5;3
249;27/11/2023;2;4;0;0;2;4;4;3;1;1;1;2;4;4;4;3;3;2;2;3;3;4;3;1;4;3;3;4;3;4;4;1;4;3;4;1;4;3;4;4;4;4;4;4;3;4;1;1;5;3;5;1;3;5;3;5;1;2;5;5;5;4;5;2;3
250;27/11/2023;2;1;0;0;2;1;1;5;1;1;2;3;3;3;4;3;3;3;3;3;3;3;3;3;3;2;3;3;3;3;3;3;3;3;3;3;3;3;3;3;2;3;3;3;3;5;1;2;5;2;5;1;1;4;2;2;1;1;5;5;5;1;5;1;3
251;27/11/2023;2;4;0;0;2;3;3;2;1;1;2;3;3;3;3;4;3;3;4;3;4;4;3;2;3;4;3;3;3;4;2;3;4;3;3;3;3;3;3;3;4;3;3;3;2;5;1;1;5;2;5;1;1;2;1;3;1;1;5;5;4;1;5;1;3
252;27/11/2023;1;2;1;3;0;1;1;2;1;1;2;3;2;3;4;3;2;3;2;3;3;3;2;1;3;2;2;3;2;3;2;2;3;3;3;3;1;2;3;2;3;3;3;3;3;4;1;1;5;3;5;1;1;1;4;3;1;3;4;3;3;1;5;1;3
253;27/11/2023;1;4;1;3;0;3;3;1;1;1;1;3;2;3;3;3;2;2;3;1;3;3;2;3;3;3;3;3;3;3;2;2;3;3;2;2;3;3;2;3;2;3;3;4;3;3;1;1;5;3;4;1;1;3;3;3;1;3;5;4;5;1;5;1;3
254;27/11/2023;2;5;0;0;2;4;4;5;1;1;2;3;3;4;4;3;3;3;2;2;3;3;2;1;3;3;2;3;3;2;3;2;3;2;2;3;3;3;3;3;2;3;3;3;2;3;1;3;5;2;5;1;1;5;3;1;1;3;3;3;5;1;4;1;3
255;27/11/2023;2;5;0;0;2;1;1;1;1;2;1;3;3;3;3;3;3;3;2;3;4;4;3;3;3;3;3;3;3;3;3;3;3;3;3;3;3;3;3;3;2;3;2;2;2;5;1;2;5;1;5;1;1;4;1;2;1;2;5;4;5;1;4;1;3
256;27/11/2023;2;3;0;0;2;3;3;2;1;1;2;3;3;3;3;3;2;3;3;3;3;3;3;2;3;3;3;3;3;3;3;3;3;2;3;2;2;3;2;3;3;3;3;3;3;2;1;2;5;3;4;1;1;2;3;3;3;2;4;4;4;3;2;3;3
257;27/11/2023;1;4;1;3;0;4;2;2;1;3;2;3;3;3;3;3;2;2;2;3;3;3;3;3;3;3;3;3;3;3;2;2;3;2;3;3;3;3;2;3;3;3;1;1;1;5;1;3;5;1;5;5;1;5;1;1;1;3;5;5;5;1;5;2;3
258;28/11/2023;2;5;0;0;2;2;2;2;1;3;2;3;3;3;3;3;3;3;2;2;3;3;2;2;3;3;3;3;3;3;3;3;3;3;3;3;3;3;3;3;2;3;1;3;1;5;1;1;5;1;5;1;1;5;1;2;1;1;5;5;5;1;5;1;3
259;28/11/2023;1;4;1;3;0;4;2;2;1;3;2;3;3;3;3;3;2;2;3;1;4;4;1;4;4;4;1;4;3;3;3;3;4;2;3;3;4;3;3;2;3;4;2;2;2;3;1;2;5;1;5;1;1;5;1;2;1;2;5;5;5;1;5;3;3
260;28/11/2023;2;5;0;0;2;2;2;2;1;3;2;2;2;3;3;3;2;3;2;1;2;2;2;2;3;2;2;4;2;2;3;2;2;2;2;2;3;3;3;2;2;2;3;3;3;3;1;1;4;3;4;1;2;4;3;3;2;2;4;4;4;2;4;2;3
261;28/11/2023;2;3;0;0;2;3;3;2;1;3;2;3;3;2;3;4;2;1;2;2;3;2;2;1;4;3;3;3;3;2;1;3;3;3;3;3;2;2;1;4;3;3;3;3;2;5;1;1;5;3;5;1;2;5;1;3;1;1;5;4;5;1;5;3;3
262;28/11/2023;1;5;1;3;0;4;4;3;1;3;2;1;1;1;2;1;1;1;1;1;1;1;1;1;1;1;1;1;1;1;1;1;3;1;3;1;3;1;1;1;1;1;5;5;5;3;3;5;2;5;5;5;5;1;5;5;5;5;1;2;5;5;3;1;3
263;28/11/2023;2;5;0;0;2;4;4;3;1;3;1;1;1;1;2;2;1;1;2;1;3;2;1;1;4;1;2;1;3;4;1;1;1;1;2;3;3;2;1;3;4;3;4;4;4;4;1;5;5;5;3;1;3;1;5;5;1;3;5;3;3;5;3;5;3
264;28/11/2023;2;4;0;0;2;1;1;3;1;1;2;2;2;2;3;3;3;3;2;1;2;2;1;3;3;2;2;3;3;3;3;2;3;2;2;3;3;3;3;3;3;3;3;5;3;4;3;3;4;3;4;2;2;2;2;3;1;3;3;3;3;3;3;4;3
265;28/11/2023;2;5;0;0;2;4;4;3;1;3;2;1;3;2;3;2;1;3;2;1;1;1;1;1;3;1;3;1;2;3;1;1;3;1;2;1;3;1;1;2;3;3;4;4;4;5;2;2;5;4;4;3;3;2;3;4;1;3;5;4;5;4;5;4;3
266;28/11/2023;2;5;0;0;2;4;4;3;1;3;2;1;3;2;3;2;1;3;2;1;1;1;1;1;3;1;3;1;2;3;1;1;3;1;2;1;3;1;1;2;3;3;4;4;4;5;2;2;5;4;4;3;3;2;3;4;1;3;5;4;5;4;5;4;3
267;28/11/2023;2;3;0;0;2;3;3;3;1;3;2;2;1;1;3;3;1;1;1;2;1;1;1;1;3;1;1;3;3;4;1;1;1;1;2;1;1;1;1;3;3;1;3;3;2;5;1;2;4;2;3;2;1;2;2;2;1;2;4;3;3;3;4;4;3
268;28/11/2023;1;5;1;1;0;4;4;1;4;4;2;2;2;4;4;4;4;4;3;4;4;4;4;4;4;4;3;4;4;3;4;3;4;3;3;4;2;2;4;3;4;3;3;3;3;5;1;1;5;2;5;1;2;4;2;4;1;1;5;5;5;1;4;2;3
269;28/11/2023;2;3;0;0;2;3;3;3;1;1;2;2;4;2;4;2;3;2;3;2;3;1;2;1;3;3;3;3;3;3;2;1;2;2;2;2;4;3;2;2;4;3;3;4;3;3;2;1;5;3;3;2;2;3;3;3;2;1;5;4;4;1;4;4;3
270;28/11/2023;2;4;0;0;2;1;1;5;1;1;2;3;2;3;4;4;3;2;2;2;3;3;1;2;4;2;2;3;2;3;2;2;3;3;2;2;3;3;2;3;3;2;2;3;2;5;1;1;5;1;5;1;2;3;1;3;1;1;5;5;4;1;5;3;3
271;28/11/2023;2;5;0;0;2;2;2;5;1;1;2;3;4;3;4;3;2;4;3;3;4;4;3;3;3;3;4;3;3;4;4;3;3;3;3;3;3;3;3;3;3;3;2;2;2;5;1;1;5;2;5;5;2;5;1;2;1;2;5;5;3;1;5;3;3
272;28/11/2023;1;5;1;3;0;4;4;3;1;3;2;1;1;1;1;1;1;1;1;1;1;1;1;1;1;1;1;1;1;1;1;1;2;1;1;1;1;1;1;1;3;1;5;5;5;5;1;5;5;5;4;3;5;1;5;5;5;4;2;1;5;5;5;1;3
273;28/11/2023;2;4;0;0;2;4;4;3;1;3;2;2;3;3;3;4;2;2;1;2;4;4;2;2;2;2;3;3;2;2;2;2;3;2;2;3;3;2;2;3;3;3;3;3;3;3;1;1;1;1;3;1;1;3;1;3;1;1;4;3;2;1;3;1;3
274;29/11/2023;2;4;0;0;2;2;2;2;1;3;2;3;3;3;3;3;2;1;2;2;3;3;2;3;3;3;3;3;3;3;3;3;3;2;2;3;3;3;3;3;3;3;2;2;2;4;1;3;5;1;5;1;1;5;1;3;1;2;5;5;5;1;5;3;3
275;29/11/2023;1;4;1;3;0;2;2;7;1;3;2;2;3;2;3;3;2;2;2;3;3;4;2;2;3;2;3;3;3;3;3;3;3;2;2;3;3;3;2;2;2;3;5;5;4;3;1;3;5;4;4;2;5;1;4;3;2;3;5;4;3;5;1;1;3
276;29/11/2023;1;4;1;3;0;1;1;7;1;3;1;3;3;3;3;3;2;3;3;3;3;3;3;3;3;3;3;3;3;3;3;3;3;3;3;3;3;3;3;3;3;3;2;3;3;3;1;1;4;1;3;1;1;3;1;1;1;1;4;4;3;1;3;1;3
277;29/11/2023;1;5;1;3;0;4;3;7;1;3;1;3;3;1;3;3;2;2;2;1;2;2;2;2;2;2;3;2;2;2;2;2;2;2;2;2;2;2;2;2;2;3;5;5;5;5;4;3;5;4;4;3;3;2;5;5;2;2;5;3;3;3;4;1;3
278;29/11/2023;1;5;1;3;0;4;2;2;1;3;2;2;3;4;3;3;1;3;1;2;3;3;2;3;3;2;3;3;3;3;3;2;3;2;3;2;3;3;4;3;3;3;2;3;3;3;1;2;5;3;3;3;2;3;3;3;1;2;3;3;2;3;4;2;3
279;29/11/2023;2;3;0;0;2;1;1;3;1;1;2;1;3;1;3;3;2;2;1;1;2;2;1;2;3;2;3;3;2;2;3;3;2;2;3;3;3;3;2;3;3;3;3;4;2;5;1;1;4;3;3;2;2;4;2;4;1;1;4;3;4;3;3;2;3
280;29/11/2023;1;2;4;3;0;2;2;2;1;1;1;1;3;3;3;3;1;2;1;3;3;2;1;1;1;3;3;2;1;1;2;1;3;3;3;3;2;3;1;2;3;2;5;5;5;4;1;1;5;5;5;1;3;2;4;4;1;1;5;3;5;5;3;1;3
281;29/11/2023;2;4;0;0;2;3;3;2;1;1;2;3;3;3;3;3;2;2;3;3;3;2;2;2;2;2;2;2;2;3;2;2;3;2;3;3;3;3;3;3;3;3;5;5;4;4;1;3;5;5;5;3;5;1;3;3;1;2;3;3;3;3;3;3;3
282;29/11/2023;2;4;0;0;2;1;1;2;1;1;2;3;3;4;3;4;4;4;3;3;4;4;3;3;3;3;3;4;3;4;4;3;4;3;3;3;3;3;3;3;4;3;2;2;3;5;1;1;5;1;3;2;3;4;1;2;1;1;5;5;5;1;5;1;3
283;29/11/2023;1;5;1;3;0;1;1;2;1;1;2;3;4;4;4;3;3;4;3;3;4;4;3;4;3;3;4;3;4;4;4;4;4;2;3;3;3;3;4;3;4;3;2;2;2;5;1;2;5;2;5;1;1;3;2;1;1;2;5;4;4;1;4;1;3
284;29/11/2023;2;3;0;0;2;1;1;2;1;1;2;3;3;3;3;3;3;3;3;3;3;3;3;3;3;3;3;3;3;3;3;3;3;3;3;3;3;3;3;3;3;3;3;4;3;4;1;2;5;3;5;1;1;3;2;3;5;2;5;4;5;3;5;1;3
285;29/11/2023;2;3;0;0;2;3;3;3;1;1;2;2;3;2;3;3;2;3;1;1;3;2;2;2;3;2;1;3;2;4;3;2;3;3;2;3;3;3;2;2;3;2;4;5;5;5;1;1;4;4;3;3;3;2;3;4;1;3;3;3;3;3;3;4;3
286;29/11/2023;1;5;1;3;0;2;2;2;1;2;1;2;3;3;3;3;2;3;3;3;3;2;3;3;3;2;2;3;2;2;2;1;2;2;2;3;3;3;1;4;4;4;4;5;3;5;1;1;5;3;4;1;1;1;2;3;1;3;4;3;4;4;3;1;3
287;29/11/2023;2;3;0;0;2;3;3;2;1;1;2;2;3;2;3;3;2;2;2;2;2;2;2;2;4;2;2;3;2;2;2;2;3;2;2;3;3;2;2;3;3;4;4;5;5;4;1;1;4;4;4;1;1;2;2;4;1;2;5;5;5;3;3;1;3
288;29/11/2023;1;4;1;3;0;3;3;2;1;1;2;3;3;3;3;3;3;2;3;3;3;3;3;3;3;2;3;3;3;3;2;2;3;2;2;3;3;2;3;3;3;3;3;4;3;3;2;1;4;2;4;2;3;3;2;3;4;2;4;4;4;2;4;2;3
289;29/11/2023;1;5;1;3;0;1;4;2;1;1;1;3;3;3;3;3;2;3;3;1;3;3;1;3;3;3;2;3;3;2;3;1;2;2;2;2;3;2;3;3;3;3;2;4;2;5;1;2;5;3;5;1;1;5;3;3;5;3;5;4;5;2;5;3;3
290;29/11/2023;2;3;0;0;2;3;3;2;1;1;2;2;2;4;4;4;3;3;2;3;4;2;3;3;3;2;2;3;1;3;2;1;3;2;2;2;3;2;1;2;3;3;3;5;4;4;1;1;5;4;5;1;1;3;1;3;1;1;4;4;5;3;4;2;3
291;29/11/2023;2;2;0;0;2;2;2;3;1;1;1;2;2;3;4;2;3;2;2;1;3;4;2;1;4;2;2;3;4;3;2;2;3;2;1;2;3;2;2;2;3;3;4;4;5;4;1;1;5;3;5;1;3;1;5;5;1;1;2;2;4;5;4;5;3
292;29/11/2023;2;3;0;0;2;2;2;5;1;1;1;3;3;3;3;3;2;2;3;3;3;3;3;3;3;3;3;3;3;3;3;3;3;3;3;3;3;3;3;3;3;3;3;3;3;5;1;1;5;3;3;1;1;1;2;3;1;3;4;4;4;2;3;1;3
293;29/11/2023;2;3;0;0;2;3;3;2;1;1;2;2;2;2;3;2;2;3;2;3;2;2;3;3;4;3;2;3;3;3;2;2;3;2;2;4;2;2;3;3;3;1;4;5;5;4;2;3;5;4;5;2;3;1;2;4;1;2;4;2;2;3;3;4;3
294;29/11/2023;2;5;0;0;2;4;4;5;4;2;2;4;4;4;4;4;4;4;4;4;4;4;4;4;4;4;3;4;4;3;3;3;3;3;3;3;3;3;3;3;2;3;3;2;3;4;1;2;5;2;5;1;1;3;2;1;1;2;5;5;5;1;5;3;3
295;29/11/2023;2;4;0;0;2;4;4;5;4;1;2;2;1;2;3;2;2;1;2;1;3;3;1;1;3;3;1;3;3;3;2;2;3;2;1;3;3;3;2;3;3;3;5;5;5;5;1;4;5;5;4;2;4;1;3;3;1;4;5;3;3;4;3;1;3
296;29/11/2023;1;4;1;3;0;3;3;7;1;2;1;1;1;1;1;3;1;1;1;1;3;3;1;1;4;2;1;2;1;2;1;2;1;1;1;1;1;1;1;1;3;1;5;4;4;3;2;2;4;5;4;3;4;2;4;5;2;4;2;4;2;4;5;1;3
297;29/11/2023;2;3;0;0;2;3;3;2;1;1;2;2;3;3;3;3;2;2;3;1;3;3;2;3;3;3;3;3;3;3;3;2;3;3;3;3;3;3;3;3;3;3;3;3;4;5;1;1;5;3;4;1;3;2;3;3;1;3;4;3;5;2;3;1;3
298;29/11/2023;2;4;0;0;2;4;4;2;1;1;2;2;3;3;3;3;3;3;3;2;3;3;2;2;3;3;3;3;3;3;3;2;3;3;3;3;3;2;3;3;3;3;3;5;4;4;1;2;5;4;4;5;1;1;1;3;4;3;3;3;4;3;4;1;3
299;29/11/2023;2;4;0;0;2;3;3;2;1;3;2;1;3;1;4;3;1;4;1;1;1;1;1;1;1;4;3;3;3;1;1;1;3;1;1;3;3;1;1;3;1;3;1;3;1;4;1;2;4;2;4;1;4;4;2;3;1;2;4;3;3;3;4;1;3
300;29/11/2023;1;5;1;1;0;2;2;5;4;4;2;2;2;4;4;4;2;3;2;3;4;4;3;2;3;2;2;4;3;3;3;1;3;3;3;3;2;3;3;2;4;2;4;5;4;4;1;1;5;4;5;1;2;2;3;4;1;1;5;4;4;3;4;1;3
301;29/11/2023;2;3;0;0;2;2;2;2;1;3;2;3;3;3;3;3;2;3;3;3;2;2;3;2;3;3;3;3;3;3;3;3;3;3;3;3;3;3;3;3;3;3;3;3;4;5;1;3;5;3;4;3;3;3;3;3;4;3;5;4;3;3;3;2;3
302;29/11/2023;2;4;0;0;2;4;4;1;1;1;2;2;3;2;3;3;1;2;2;2;3;2;2;2;3;3;4;3;3;3;3;3;3;3;3;2;2;2;3;3;3;3;4;4;5;4;1;2;5;3;4;2;3;3;1;4;1;2;5;4;5;2;5;1;3
303;29/11/2023;2;3;0;0;2;3;3;1;4;1;2;2;3;3;3;3;3;3;2;2;3;2;2;3;3;2;3;3;3;3;3;3;3;3;3;3;2;3;3;3;2;2;3;4;4;4;1;3;5;3;4;2;2;3;3;4;1;2;4;4;3;2;4;1;3
304;29/11/2023;2;2;0;0;2;2;2;1;1;1;2;2;3;2;3;3;2;3;2;1;3;3;1;3;3;3;3;3;2;2;3;2;3;3;3;3;3;2;3;2;2;3;4;4;4;3;1;1;5;4;5;1;2;2;2;3;1;3;4;3;4;4;5;1;3
305;29/11/2023;1;5;1;3;0;4;4;1;1;1;2;3;4;3;4;4;2;3;2;2;3;2;3;3;4;3;4;4;4;3;3;3;4;3;3;3;3;2;3;4;2;3;3;3;1;3;1;1;5;1;3;2;1;4;3;3;1;2;5;5;5;1;4;1;3
306;29/11/2023;2;5;0;0;2;2;2;7;1;1;2;2;3;3;3;3;3;4;2;1;4;2;1;1;3;3;3;3;3;3;2;1;3;3;2;3;3;3;3;3;2;3;3;3;3;3;1;2;5;3;4;3;4;3;3;3;3;1;4;4;4;2;4;3;3
307;29/11/2023;2;5;0;0;2;2;2;2;1;1;2;2;2;3;3;4;1;4;4;3;4;4;4;3;4;3;3;3;3;3;1;3;3;3;3;3;3;3;3;3;3;3;3;3;3;5;1;1;5;3;5;1;1;5;3;3;1;3;5;5;4;3;3;3;3
308;29/11/2023;1;2;1;3;0;1;1;1;1;1;1;3;2;2;3;3;3;3;2;1;2;2;2;2;2;2;2;2;2;2;2;2;2;3;2;2;2;2;2;1;1;1;3;3;3;3;3;3;4;3;3;3;3;3;2;3;2;4;3;3;3;3;2;2;3
309;29/11/2023;2;5;0;0;2;4;4;2;1;1;2;3;3;3;3;3;2;2;3;2;4;4;2;3;3;3;3;3;3;3;2;3;3;3;3;3;3;3;3;3;3;3;3;3;3;3;1;1;5;3;5;5;3;2;1;3;1;1;5;4;5;3;5;1;3
310;29/11/2023;2;5;0;0;2;4;4;1;1;1;2;2;3;3;3;3;3;3;2;2;3;3;2;3;3;2;3;3;3;3;3;3;3;2;2;3;3;2;3;3;2;2;3;3;1;1;1;1;5;1;3;3;1;5;1;5;1;1;3;3;3;1;3;1;3
311;29/11/2023;2;4;0;0;2;4;4;1;1;2;2;2;3;1;3;4;1;3;3;2;3;2;2;2;4;2;2;3;4;4;2;1;3;4;3;4;4;4;3;4;3;3;2;4;2;5;1;1;4;1;5;1;1;5;3;4;1;1;5;5;4;3;3;1;3
312;29/11/2023;2;4;0;0;2;2;3;1;1;1;2;2;3;1;1;3;2;1;1;1;1;1;1;2;4;4;4;2;4;2;1;1;2;1;3;1;4;1;1;4;2;4;5;5;5;5;1;3;5;5;4;3;3;1;5;5;1;3;3;2;5;5;4;1;3
313;29/11/2023;2;5;0;0;2;4;4;2;1;1;2;3;3;3;3;3;2;2;3;2;4;4;2;3;3;3;3;3;3;3;2;3;3;3;3;3;3;3;3;3;3;3;3;3;3;3;1;1;5;3;5;5;3;2;1;3;1;1;5;4;5;3;5;1;3
314;29/11/2023;1;4;1;3;0;3;3;7;1;2;1;1;1;1;1;3;1;1;1;1;3;3;1;1;4;2;1;2;1;2;1;2;1;1;1;1;1;1;1;1;3;1;5;4;4;3;2;2;4;5;4;3;4;2;4;5;2;4;2;4;2;4;5;1;3
315;29/11/2023;2;3;0;0;2;1;3;1;1;1;1;4;3;3;3;3;3;3;3;3;3;3;2;3;3;3;3;3;3;3;3;3;3;3;3;3;3;3;3;3;3;3;1;2;1;3;1;2;5;1;5;1;1;4;1;1;1;3;5;4;4;1;5;1;3
316;29/11/2023;1;5;1;3;0;4;4;1;1;1;2;3;4;3;4;4;2;3;2;2;3;2;3;3;4;3;4;4;4;3;3;3;4;3;3;3;3;2;3;4;2;3;3;3;1;3;1;1;5;1;3;2;1;4;3;3;1;2;5;5;5;1;4;1;3
317;29/11/2023;2;4;0;0;2;3;3;1;1;1;2;2;3;2;3;3;2;1;2;2;1;1;2;2;4;3;3;2;3;3;2;1;2;3;2;3;3;1;2;3;2;1;4;4;4;3;1;3;5;5;4;4;5;2;5;5;1;3;4;2;4;5;4;1;3
318;29/11/2023;2;4;0;0;2;3;3;7;1;1;2;3;3;2;3;3;2;2;2;2;2;2;2;2;4;1;3;3;3;2;2;2;3;2;3;3;3;3;1;2;3;1;5;5;5;5;3;3;5;5;5;5;5;2;3;5;2;3;5;5;4;4;3;5;3
319;29/11/2023;2;4;0;0;2;3;3;2;1;3;2;3;3;3;4;3;2;2;2;3;2;2;3;3;3;3;3;3;3;3;3;2;3;3;3;3;3;3;3;3;2;3;3;3;2;5;1;1;5;3;5;3;3;4;3;4;1;3;5;4;4;4;5;3;3
320;29/11/2023;1;4;1;3;0;1;1;7;1;3;1;3;3;3;3;3;2;3;3;3;3;3;3;3;3;3;3;3;3;3;3;3;3;3;3;3;3;3;3;3;3;3;2;3;3;3;1;1;4;1;3;1;1;3;1;1;1;1;4;4;3;1;3;1;3
321;29/11/2023;1;4;1;3;0;3;3;3;1;3;2;2;3;3;4;3;1;1;2;1;3;2;2;1;4;2;3;4;3;3;2;2;3;2;2;3;3;2;3;3;3;3;2;3;3;4;1;1;5;2;4;1;3;4;3;3;1;3;4;5;5;2;5;1;3
322;29/11/2023;2;3;0;0;2;2;2;5;4;1;2;3;3;2;3;4;1;2;2;4;3;2;3;2;3;3;2;3;3;2;3;2;2;2;1;1;3;2;3;2;3;2;4;4;4;5;1;1;5;3;4;1;1;5;4;4;1;1;5;5;5;3;4;1;3
323;29/11/2023;2;4;0;0;2;4;4;5;4;1;2;2;1;2;3;2;2;1;2;1;3;3;1;1;3;3;1;3;3;3;2;2;3;2;1;3;3;3;2;3;3;3;5;5;5;5;1;4;5;5;4;2;4;1;3;3;1;4;5;3;3;4;3;1;3
324;29/11/2023;2;4;0;0;2;2;2;2;1;1;1;3;3;3;3;3;3;3;3;3;4;4;3;3;3;3;4;4;3;3;3;3;4;3;4;3;3;3;3;3;3;3;3;3;2;5;1;1;5;2;5;1;1;4;1;2;1;1;5;5;5;1;5;1;3
325;29/11/2023;1;4;1;3;0;3;3;7;1;1;1;2;3;3;3;2;2;3;2;2;4;4;2;3;2;3;3;3;3;3;3;1;2;2;3;1;1;1;3;3;3;3;5;5;5;5;3;2;4;4;3;2;2;2;3;5;4;3;3;3;2;4;3;3;3
326;29/11/2023;2;4;0;0;2;2;2;1;1;3;2;1;1;3;3;3;3;4;1;1;3;3;2;3;3;3;3;2;3;2;3;2;2;2;2;2;3;2;3;3;1;1;3;5;3;1;1;2;5;3;3;1;1;2;3;4;1;2;4;3;5;2;5;1;3
327;29/11/2023;1;4;1;3;0;4;4;3;1;3;1;3;3;3;3;4;2;3;3;3;3;3;3;3;4;3;3;3;3;3;3;3;3;3;3;3;3;3;3;3;3;3;3;4;4;4;1;1;5;3;5;1;1;5;2;3;1;2;5;5;5;1;5;1;3
328;30/11/2023;1;3;1;3;0;3;3;7;1;3;1;3;3;3;3;3;3;3;3;3;3;3;3;2;3;3;3;3;3;3;3;3;3;3;3;3;3;3;3;3;2;3;3;3;2;4;1;1;5;1;5;1;1;4;1;2;1;1;5;5;5;1;5;2;3
329;30/11/2023;1;4;1;3;0;1;1;6;1;1;2;3;3;3;3;4;2;3;2;2;3;3;2;3;3;3;3;4;3;3;3;3;3;3;2;3;4;3;3;3;3;3;3;2;1;4;1;3;5;2;5;1;1;4;2;2;1;3;5;4;3;1;4;2;3
330;30/11/2023;1;3;1;3;0;2;1;6;4;1;2;2;1;3;3;3;2;3;2;1;3;3;1;2;4;2;2;2;2;2;2;2;3;3;2;3;3;3;3;3;3;3;4;4;4;4;1;2;4;4;4;3;3;3;3;4;1;3;4;3;3;3;2;3;3
331;30/11/2023;1;4;1;3;0;3;3;6;1;1;1;3;3;3;3;2;3;2;2;2;3;2;2;2;3;3;3;3;3;3;2;2;3;3;3;2;3;3;3;3;3;3;3;3;3;4;1;1;5;3;5;1;1;2;3;2;1;1;5;5;4;2;5;2;3
332;30/11/2023;2;2;0;0;2;2;2;2;1;3;1;3;3;3;4;3;2;3;2;4;3;3;4;2;4;3;3;4;4;2;2;2;3;3;3;4;3;3;3;3;2;2;3;3;3;4;1;3;4;3;4;4;3;3;2;2;1;1;4;4;4;2;3;1;3
333;30/11/2023;2;5;0;0;2;2;4;7;1;3;1;3;3;3;3;3;2;3;2;2;3;3;2;2;3;3;3;3;3;3;3;2;3;2;3;3;2;3;2;3;2;3;3;2;3;4;1;2;4;2;4;1;2;4;2;3;1;2;4;3;3;1;4;2;3
334;30/11/2023;2;5;0;0;2;2;4;7;1;3;1;3;3;3;3;3;2;3;2;2;3;3;2;2;3;3;3;3;3;3;3;2;3;2;3;3;2;3;2;3;2;3;3;2;3;4;1;2;4;2;4;1;2;4;2;3;1;2;4;3;3;1;4;2;3
335;30/11/2023;2;5;0;0;2;2;4;7;1;3;1;3;3;2;3;2;2;3;2;3;3;1;3;3;3;1;3;3;3;3;3;3;3;3;3;3;2;3;3;3;2;2;3;3;4;3;1;1;5;3;3;1;1;3;1;3;1;1;4;4;3;2;4;1;3
336;30/11/2023;2;3;0;0;2;3;3;2;1;1;2;2;1;3;3;3;2;1;1;1;3;2;1;1;1;1;1;2;2;2;1;2;3;1;1;3;1;2;2;1;3;1;4;4;3;4;1;1;4;2;3;2;1;2;1;2;1;1;4;3;5;1;4;3;3
337;30/11/2023;1;3;1;3;0;3;3;2;1;3;2;2;3;3;3;2;2;2;3;3;2;2;3;1;3;2;3;2;2;3;2;3;2;2;3;2;3;3;2;2;3;3;3;3;3;5;1;3;4;3;4;2;3;2;3;3;1;2;5;3;4;3;4;2;3
338;30/11/2023;2;4;0;0;2;3;4;2;1;3;2;2;2;3;3;3;2;2;1;1;3;2;2;2;3;2;2;3;2;3;2;3;2;2;2;3;3;3;3;3;3;3;4;4;4;4;1;1;4;1;4;3;1;3;2;3;1;1;4;4;3;1;4;3;3
339;30/11/2023;2;4;0;0;2;1;1;2;1;3;2;1;1;1;3;1;1;1;1;1;1;1;1;1;4;4;1;1;4;2;1;1;1;1;1;1;2;2;1;3;3;2;4;5;5;5;1;1;5;3;5;1;1;4;2;3;1;2;5;4;5;1;5;1;3
340;30/11/2023;2;4;0;0;2;2;2;2;1;3;2;3;2;2;3;3;3;2;3;2;2;2;2;2;3;3;2;3;3;3;2;2;3;3;2;2;3;3;2;2;2;3;4;4;4;5;1;3;5;3;4;3;3;3;4;3;1;2;4;3;5;2;2;4;3
341;30/11/2023;1;4;4;3;0;2;2;7;1;1;1;3;3;3;3;3;3;3;3;2;3;3;2;3;3;3;3;3;3;4;4;3;3;3;3;3;3;3;3;3;2;3;3;3;3;3;1;3;4;1;4;1;1;3;1;3;1;2;3;4;3;2;4;3;3
342;30/11/2023;1;5;1;3;0;2;2;7;1;1;2;1;2;2;3;1;1;2;1;1;2;1;2;1;3;2;2;2;2;1;2;2;1;1;1;1;2;1;1;1;1;2;3;3;2;4;2;2;5;1;4;2;2;4;3;3;2;2;4;3;1;3;4;3;3
343;30/11/2023;1;4;1;1;0;4;1;3;4;1;2;1;3;2;4;3;2;3;2;2;3;3;2;2;3;3;3;4;2;2;3;2;4;2;3;3;3;2;2;3;3;2;4;4;4;5;1;2;5;3;4;3;3;2;1;3;1;4;5;5;5;4;4;2;3
344;30/11/2023;1;4;1;3;0;4;2;6;1;3;2;1;2;3;3;3;2;2;1;1;3;2;1;2;2;3;2;3;3;2;3;1;3;2;2;3;2;3;2;3;3;3;4;5;3;3;3;3;3;3;4;3;4;2;3;4;1;3;3;3;3;4;1;3;3
345;30/11/2023;1;5;1;3;0;2;2;6;1;1;2;2;2;3;3;3;1;4;2;2;3;4;2;3;3;3;2;3;2;2;4;3;2;2;2;3;2;2;4;4;3;3;5;5;4;4;1;1;4;3;3;3;3;2;3;5;1;1;5;2;4;3;3;1;3
346;30/11/2023;1;4;1;3;0;1;1;6;1;1;2;3;3;3;3;4;2;3;2;2;3;3;2;3;3;3;3;4;3;3;3;3;3;3;2;3;4;3;3;3;3;3;3;2;1;4;1;3;5;2;5;1;1;4;2;2;1;3;5;4;3;1;4;2;3
347;30/11/2023;1;2;1;3;0;3;2;3;1;1;2;2;4;2;4;4;2;2;1;1;3;2;1;2;3;3;3;1;3;3;2;3;3;3;2;2;3;4;3;3;3;3;5;5;5;4;1;1;5;5;5;1;3;2;4;5;1;1;4;5;3;5;3;1;3
348;30/11/2023;1;5;1;3;0;2;2;6;1;1;2;2;2;3;3;3;1;4;2;2;3;4;2;3;3;3;2;3;2;2;4;3;2;2;2;3;2;2;4;4;3;3;5;5;4;4;1;1;4;3;3;3;3;2;3;5;1;1;5;2;4;3;3;1;3
349;30/11/2023;2;3;0;0;2;1;1;6;1;1;2;3;2;3;3;1;2;2;3;4;3;2;4;2;3;2;2;3;4;2;2;3;2;2;3;1;2;3;2;3;3;3;2;3;3;2;1;1;5;2;3;2;1;4;2;2;1;2;4;3;3;1;5;1;3
350;30/11/2023;1;4;4;3;0;2;2;7;1;1;1;3;3;3;3;3;3;3;3;2;3;3;2;3;3;3;3;3;3;4;4;3;3;3;3;3;3;3;3;3;2;3;3;3;3;3;1;3;4;1;4;1;1;3;1;3;1;2;3;4;3;2;4;3;3
351;30/11/2023;2;2;0;0;2;1;1;3;1;2;2;3;3;3;3;3;3;3;3;3;3;3;3;3;3;3;3;4;3;4;4;4;4;4;4;3;3;3;4;4;4;4;2;2;1;5;1;1;5;2;3;1;5;2;3;1;5;3;5;5;5;1;3;1;3
352;30/11/2023;2;3;0;0;2;3;3;2;1;1;2;3;3;3;3;3;3;3;3;3;3;3;3;2;3;3;3;3;3;3;3;3;3;3;3;3;3;3;3;3;3;3;4;4;4;5;1;3;5;3;3;2;2;3;3;3;1;3;4;3;3;2;4;1;3
353;30/11/2023;1;4;1;3;0;4;4;1;1;1;2;3;3;3;3;3;3;3;2;2;2;2;2;2;3;3;2;3;2;2;2;2;3;3;2;3;3;3;2;3;2;3;3;4;2;1;1;3;1;3;4;3;3;2;3;3;1;3;1;1;4;3;3;1;3
354;30/11/2023;2;3;0;0;2;3;3;3;1;1;2;2;3;2;3;3;2;3;1;1;3;2;2;2;3;2;1;3;2;4;3;2;3;3;2;3;3;3;2;2;3;2;4;5;5;5;1;1;4;4;3;3;3;2;3;4;1;3;3;3;3;3;3;4;3
355;30/11/2023;1;4;1;3;0;1;1;6;1;1;2;3;3;3;3;4;2;3;2;2;3;3;2;3;3;3;3;4;3;3;3;3;3;3;2;3;4;3;3;3;3;3;3;2;1;4;1;3;5;2;5;1;1;4;2;2;1;3;5;4;3;1;4;2;3
356;30/11/2023;2;3;0;0;2;3;3;6;1;1;2;1;3;2;4;3;2;1;1;2;2;1;2;1;4;2;3;3;3;2;1;2;3;3;1;2;3;3;1;1;2;2;4;5;5;4;1;2;4;5;4;3;4;2;3;5;1;2;3;3;2;5;4;1;3
357;30/11/2023;1;2;4;3;0;4;1;7;1;1;2;1;3;3;2;3;2;3;2;1;3;3;2;2;3;3;3;2;3;3;3;2;2;2;2;2;2;2;2;3;2;3;3;4;4;4;3;3;4;3;4;2;3;2;2;3;1;3;5;3;5;2;4;5;3
358;30/11/2023;2;3;0;0;2;3;3;2;1;1;2;2;1;3;3;3;2;1;1;1;3;2;1;1;1;1;1;2;2;2;1;2;3;1;1;3;1;2;2;1;3;1;4;4;3;4;1;1;4;2;3;2;1;2;1;2;1;1;4;3;5;1;4;3;3
359;30/11/2023;2;3;0;0;2;3;3;6;1;1;2;1;3;2;4;3;2;1;1;2;2;1;2;1;4;2;3;3;3;2;1;2;3;3;1;2;3;3;1;1;2;2;4;5;5;4;1;2;4;5;4;3;4;2;3;5;1;2;3;3;2;5;4;1;3
360;30/11/2023;2;4;0;0;2;2;2;2;1;1;2;3;4;4;4;4;4;4;4;3;4;4;4;4;3;3;3;3;4;4;4;4;4;4;3;3;3;4;4;3;3;4;2;1;2;1;1;1;5;1;3;3;1;5;1;1;5;1;5;5;3;1;5;1;3
361;30/11/2023;2;2;0;0;2;1;1;6;1;1;2;3;3;3;3;3;3;3;3;3;3;3;3;3;3;2;3;3;3;3;3;3;3;3;3;3;3;3;3;3;3;3;2;2;2;3;1;1;5;1;3;2;1;3;1;1;1;1;5;5;5;2;5;3;3
362;30/11/2023;2;4;0;0;2;3;3;2;1;1;2;3;3;3;3;3;2;2;3;2;3;3;2;3;3;2;3;3;3;3;3;2;3;3;3;3;2;3;3;3;3;3;3;4;3;5;2;3;5;3;3;3;3;3;3;3;1;3;3;3;4;3;5;4;3
363;30/11/2023;2;4;0;0;2;2;2;1;1;1;2;3;3;3;3;3;3;2;2;2;2;3;2;3;3;2;3;3;2;3;2;2;3;3;3;3;3;2;2;3;2;3;2;2;2;4;1;1;5;3;5;1;1;3;3;2;1;2;5;4;4;2;5;3;3
364;30/11/2023;2;3;0;0;2;2;2;1;1;1;2;3;3;3;3;3;3;2;2;2;3;2;2;2;3;3;2;3;3;2;3;2;3;3;3;2;3;3;3;3;2;3;4;3;4;3;2;2;5;4;2;3;3;2;3;3;1;3;4;3;3;2;4;2;3
365;30/11/2023;2;4;0;0;2;4;4;2;1;1;2;3;3;3;3;4;2;3;2;2;4;3;2;3;3;3;3;3;3;3;2;3;3;3;3;4;3;2;3;3;3;3;3;2;2;5;1;1;5;2;5;1;1;4;1;2;1;1;5;5;4;1;5;1;3
366;30/11/2023;2;3;0;0;2;1;1;6;1;1;2;3;3;3;3;4;3;4;2;2;3;2;3;3;4;3;4;3;3;2;3;3;3;3;3;3;2;3;3;3;2;2;4;5;3;5;1;2;5;3;4;2;3;4;1;3;1;2;5;4;3;2;4;5;3
367;30/11/2023;2;3;0;0;2;3;3;6;1;1;2;2;3;2;3;3;2;2;2;3;3;1;3;2;3;2;3;2;3;3;1;2;3;2;2;2;3;2;2;3;2;2;4;4;4;3;1;3;5;4;4;1;1;1;5;4;1;3;4;3;1;5;4;5;3
368;30/11/2023;2;4;0;0;2;4;4;2;1;1;2;3;3;3;4;3;2;3;3;3;4;4;3;2;3;3;3;3;3;3;4;3;4;3;3;3;4;3;4;3;4;3;2;3;1;5;1;1;5;1;4;1;1;4;1;1;1;1;5;5;4;1;5;1;3
369;30/11/2023;2;3;0;0;2;3;3;6;1;1;2;2;3;2;3;3;2;2;2;3;3;1;3;2;3;2;3;2;3;3;1;2;3;2;2;2;3;2;2;3;2;2;4;4;4;3;1;3;5;4;4;1;1;1;5;4;1;3;4;3;1;5;4;5;3
370;30/11/2023;2;5;0;0;2;4;4;6;1;1;2;3;3;3;3;3;3;2;2;3;4;3;4;4;2;3;4;3;3;4;2;2;3;3;2;2;3;3;2;4;2;4;4;2;1;3;1;1;3;1;1;4;1;5;1;2;1;1;3;1;5;1;5;1;3
371;30/11/2023;2;3;0;0;2;3;3;2;1;3;2;3;3;3;3;3;2;3;2;1;2;1;2;1;3;2;3;3;3;3;3;2;3;2;3;3;2;3;2;3;3;3;3;4;3;3;1;1;5;3;5;1;3;5;1;1;5;1;3;3;5;3;3;1;3
372;30/11/2023;2;3;0;0;2;3;3;2;1;3;2;3;3;3;3;3;2;3;2;1;2;1;2;1;3;2;3;3;3;3;3;2;3;2;3;3;2;3;2;3;3;3;3;4;3;3;1;1;5;3;5;1;3;5;1;1;5;1;3;3;5;3;3;1;3
373;30/11/2023;1;5;1;3;0;2;2;7;1;1;1;3;3;3;3;2;2;3;2;3;3;3;3;4;3;4;4;3;3;3;2;2;3;2;2;2;1;3;4;1;1;1;3;4;3;4;1;1;4;1;5;2;2;3;4;3;3;2;4;3;3;2;4;5;3
374;01/12/2023;2;4;0;0;2;3;3;1;1;1;2;2;3;2;3;3;2;1;2;2;1;1;2;2;4;3;3;2;3;3;2;1;2;3;2;3;3;1;2;3;2;1;4;4;4;3;1;3;5;5;4;4;5;2;5;5;1;3;4;2;4;5;4;1;3
375;01/12/2023;2;4;0;0;2;4;4;2;1;1;2;3;3;3;3;4;2;3;2;2;4;3;2;3;3;3;3;3;3;3;2;3;3;3;3;4;3;2;3;3;3;3;3;2;2;5;1;1;5;2;5;1;1;4;1;2;1;1;5;5;4;1;5;1;3
376;01/12/2023;2;4;0;0;2;4;4;3;1;3;1;1;1;1;3;2;2;1;1;1;1;1;1;1;3;3;2;3;1;2;1;1;3;2;1;2;1;3;1;1;3;2;4;4;2;4;1;3;5;3;4;5;1;1;2;3;1;2;4;3;3;2;5;2;3
377;01/12/2023;1;2;1;3;0;1;1;7;1;3;2;4;4;4;4;4;3;3;3;2;4;4;2;3;4;3;3;3;4;4;3;3;3;3;3;4;3;3;4;4;3;3;1;2;2;4;1;1;5;1;4;1;1;5;1;2;1;2;4;4;5;1;5;1;3
378;01/12/2023;2;4;0;0;2;4;4;2;1;3;2;2;3;3;3;1;2;2;3;2;2;2;3;2;3;3;3;3;3;3;3;3;3;3;3;2;2;3;3;3;3;3;3;3;3;4;1;3;4;3;4;3;3;3;3;3;1;3;5;4;4;2;3;3;3
379;01/12/2023;2;5;0;0;2;4;4;6;1;1;2;1;1;1;2;2;2;1;1;2;2;3;2;1;3;3;1;2;1;2;1;2;2;2;1;2;1;2;2;2;2;2;5;5;5;2;1;5;3;5;3;4;5;1;5;5;3;4;2;1;1;5;2;3;3
380;01/12/2023;2;4;0;0;2;3;3;1;1;1;2;2;3;2;3;3;2;1;2;2;1;1;2;2;4;3;3;2;3;3;2;1;2;3;2;3;3;1;2;3;2;1;4;4;4;3;1;3;5;5;4;4;5;2;5;5;1;3;4;2;4;5;4;1;3
381;01/12/2023;2;3;0;0;2;3;3;2;1;3;1;2;2;3;2;2;2;3;3;2;3;3;2;2;3;2;3;3;2;2;2;3;3;2;2;3;3;2;3;2;2;2;4;4;4;3;1;1;5;3;5;1;1;3;3;3;1;1;5;5;5;1;3;4;3
382;01/12/2023;1;4;1;3;0;4;1;6;1;3;2;2;3;1;3;2;1;1;1;1;2;1;1;1;1;2;3;3;2;3;1;1;2;1;1;2;3;2;1;1;2;3;5;5;4;4;2;1;5;3;3;3;3;2;4;5;2;2;4;3;4;2;4;1;3
383;01/12/2023;2;3;0;0;2;3;3;2;1;3;2;2;2;2;3;3;2;2;3;1;1;1;1;1;2;1;1;1;1;2;2;2;2;3;2;3;3;3;3;3;2;3;4;3;3;5;1;2;3;2;4;3;4;2;1;4;1;2;4;3;4;4;3;2;3
384;01/12/2023;2;5;0;0;2;4;4;1;1;3;2;3;3;3;3;4;3;3;2;3;3;3;2;1;2;3;3;3;3;3;3;3;3;3;3;3;3;3;3;2;3;3;5;3;2;1;1;1;5;2;5;2;1;1;3;4;1;1;5;1;5;3;2;1;3
385;01/12/2023;2;4;0;0;2;4;4;2;1;3;2;1;2;2;2;1;1;1;1;1;1;1;1;1;1;1;1;1;1;3;1;1;1;1;1;1;1;1;1;3;2;1;4;5;4;3;2;4;3;4;3;2;3;2;3;4;1;3;3;2;2;3;3;3;3
386;01/12/2023;2;3;0;0;2;3;3;1;1;1;2;3;1;3;3;4;2;3;3;3;3;1;2;4;4;4;2;4;3;4;3;3;3;2;2;4;3;2;3;3;3;3;5;5;4;5;1;1;5;5;5;1;1;3;1;4;1;1;5;4;5;1;5;1;3
387;01/12/2023;2;4;0;0;2;1;1;1;1;1;1;4;4;4;4;4;4;4;4;4;4;4;4;4;4;3;4;4;4;4;2;4;4;3;4;4;3;3;4;4;3;3;1;1;1;4;1;1;3;1;5;1;1;4;1;1;1;1;4;4;5;1;4;1;3
388;01/12/2023;2;4;0;0;2;1;3;1;1;1;2;3;2;2;3;3;3;3;3;2;3;3;2;2;3;2;2;3;3;3;3;3;2;2;2;3;3;3;3;3;2;3;4;5;4;2;1;2;2;4;4;2;4;2;3;5;1;4;4;1;4;3;3;1;3
389;01/12/2023;2;3;0;0;2;1;1;3;1;1;1;1;3;3;3;3;3;3;3;2;4;4;3;3;3;3;3;3;3;3;3;3;3;3;3;3;3;3;3;3;3;3;3;3;2;5;1;1;5;1;5;1;3;4;1;2;1;2;5;5;5;1;5;3;3
390;01/12/2023;2;4;0;0;2;2;1;6;1;1;2;1;3;2;3;3;2;3;1;1;3;2;1;1;4;4;4;3;2;1;1;4;4;3;3;1;3;3;1;1;3;1;5;4;4;5;1;2;5;4;5;1;5;1;3;3;1;2;4;3;5;4;3;1;3
391;01/12/2023;2;4;0;0;2;2;1;6;1;1;2;1;3;2;3;3;2;3;1;1;3;2;1;1;4;4;4;3;2;1;1;4;4;3;3;1;3;3;1;1;3;1;5;4;4;5;1;2;5;4;5;1;5;1;3;3;1;2;4;3;5;4;3;1;3
392;01/12/2023;2;3;0;0;2;3;3;1;1;1;2;2;1;2;1;2;2;2;1;1;2;1;1;1;1;3;1;1;2;1;1;1;1;1;1;1;1;1;1;2;1;1;4;5;3;5;1;3;5;3;5;2;3;2;5;3;1;2;5;3;3;3;5;1;3
393;01/12/2023;2;3;0;0;2;3;3;1;1;1;2;2;1;2;1;2;2;2;1;1;2;1;1;1;1;3;1;1;2;1;1;1;1;1;1;1;1;1;1;2;1;1;4;5;3;5;1;3;5;3;5;2;3;2;5;3;1;2;5;3;3;3;5;1;3
394;01/12/2023;1;5;1;3;0;4;4;6;1;1;2;2;2;1;3;1;1;1;1;1;1;1;1;1;1;4;3;2;2;2;1;1;3;2;2;1;1;1;1;2;2;1;3;4;4;3;1;3;5;4;5;1;2;3;3;4;1;3;5;3;5;3;5;1;3
395;01/12/2023;2;5;0;0;2;4;4;6;1;1;2;1;3;1;3;3;2;1;1;3;3;2;3;1;4;4;3;3;3;1;3;4;3;3;3;1;3;3;1;2;4;2;3;3;1;5;1;1;5;1;5;1;1;3;1;3;1;1;5;5;5;1;3;1;3
396;01/12/2023;2;5;0;0;2;4;4;6;1;1;2;1;3;1;3;3;2;1;1;3;3;2;3;1;4;4;3;3;3;1;3;4;3;3;3;1;3;3;1;2;4;2;3;3;1;5;1;1;5;1;5;1;1;3;1;3;1;1;5;5;5;1;3;1;3
397;01/12/2023;2;5;0;0;2;4;4;1;4;1;2;2;3;3;3;3;2;3;3;2;3;3;3;3;3;2;4;4;3;4;3;3;4;3;4;4;4;3;4;3;3;3;2;3;1;5;1;1;4;2;3;1;1;4;1;1;1;1;4;4;5;1;3;1;3
398;02/12/2023;2;4;0;0;2;3;3;3;1;3;2;1;3;1;2;1;1;1;2;1;1;1;1;1;1;1;3;2;1;1;1;1;1;1;2;1;3;1;1;1;2;3;5;5;5;5;1;2;5;5;5;3;4;1;3;5;1;4;4;2;5;3;3;3;3
399;02/12/2023;2;4;0;0;2;1;1;3;1;1;2;1;3;2;3;3;2;3;2;1;3;2;1;1;4;3;2;3;2;3;2;3;2;3;2;2;2;3;3;2;3;2;5;5;5;4;1;3;5;5;3;3;3;2;5;5;2;4;3;2;3;5;3;2;3
400;02/12/2023;1;5;1;3;0;4;4;6;1;1;2;2;2;1;3;1;1;1;1;1;1;1;1;1;1;4;3;2;2;2;1;1;3;2;2;1;1;1;1;2;2;1;3;4;4;3;1;3;5;4;5;1;2;3;3;4;1;3;5;3;5;3;5;1;3
401;02/12/2023;1;5;1;3;0;2;2;1;1;3;1;3;3;4;4;3;3;4;3;2;3;3;2;3;3;3;3;3;4;3;4;3;3;3;3;3;3;3;3;4;3;3;1;2;1;4;1;1;4;1;4;2;1;4;1;2;1;1;5;4;4;1;4;1;3
402;03/12/2023;2;5;0;0;2;4;4;3;1;3;2;1;2;2;3;3;1;2;2;1;2;2;2;2;2;3;3;3;2;3;2;2;2;2;3;3;3;3;2;3;3;3;5;5;4;4;3;3;4;5;2;3;3;1;5;4;1;3;1;1;4;5;3;3;3
403;03/12/2023;2;4;0;0;2;3;3;2;1;3;2;1;2;3;3;3;2;2;2;1;3;2;1;4;4;1;3;3;4;2;3;2;2;2;3;4;4;3;3;4;3;4;3;3;3;5;1;1;5;1;5;1;1;4;2;5;1;2;5;5;5;1;5;1;3
404;03/12/2023;2;4;0;0;2;4;4;2;1;3;2;3;2;1;3;2;2;1;2;1;1;1;1;1;4;2;3;2;3;2;2;2;3;3;3;4;2;3;1;3;3;2;4;5;5;5;1;4;4;5;4;1;4;2;4;5;1;4;4;4;3;4;3;4;3
405;03/12/2023;2;4;0;0;2;4;4;2;1;3;2;3;2;1;3;2;2;1;2;1;1;1;1;1;4;2;3;2;3;2;2;2;3;3;3;4;2;3;1;3;3;2;4;5;5;5;1;4;4;5;4;1;4;2;4;5;1;4;4;4;3;4;3;4;3
406;03/12/2023;2;4;0;0;2;1;1;1;1;1;2;4;3;3;4;3;2;3;4;2;3;3;2;2;4;3;3;3;3;3;2;3;3;2;3;3;3;3;3;3;3;3;3;5;3;4;1;3;5;3;4;2;3;3;3;4;1;2;4;4;5;4;4;1;3
407;03/12/2023;2;5;0;0;2;4;4;1;1;1;2;3;3;3;4;4;3;3;3;3;4;4;3;4;4;3;3;4;3;4;3;3;4;3;3;3;3;4;3;3;3;3;2;3;2;3;1;1;5;3;5;1;1;4;1;2;1;2;5;5;5;1;5;1;3
408;03/12/2023;2;5;0;0;2;4;4;6;1;1;2;3;3;3;3;3;3;3;3;2;4;4;3;2;3;3;3;3;3;3;3;3;3;3;3;3;3;2;3;2;2;2;3;3;1;5;1;1;5;1;4;3;3;5;1;3;1;3;5;3;5;1;5;1;3
409;03/12/2023;2;5;0;0;2;4;4;6;1;1;2;3;3;3;3;3;3;3;3;2;4;4;3;2;3;3;3;3;3;3;3;3;3;3;3;3;3;2;3;2;2;2;3;3;1;5;1;1;5;1;4;3;3;5;1;3;1;3;5;3;5;1;5;1;3
410;03/12/2023;2;2;0;0;2;2;2;6;1;1;1;3;3;4;4;4;3;4;3;3;4;4;3;4;3;3;4;4;4;2;4;4;4;4;3;4;3;3;4;4;2;4;2;1;2;5;1;1;5;1;5;1;1;4;1;2;1;1;5;5;5;1;5;1;3
411;04/12/2023;2;5;0;0;2;2;2;6;1;1;2;3;3;3;3;4;3;4;4;2;4;3;2;4;4;3;3;3;4;4;4;4;4;4;2;3;2;4;4;4;2;4;3;3;3;5;1;1;5;2;5;1;1;4;1;2;1;1;5;5;5;1;4;1;3
412;04/12/2023;1;4;1;3;0;2;2;6;1;1;1;3;3;3;3;3;1;3;2;2;1;1;3;3;4;4;2;4;3;4;4;4;3;2;3;1;2;3;3;3;3;1;3;5;5;5;1;1;5;3;5;1;1;3;2;3;1;2;4;4;4;2;4;2;3
413;04/12/2023;2;5;0;0;2;2;1;6;4;1;1;2;3;3;3;3;2;3;2;2;3;2;2;3;4;2;2;3;3;3;3;2;3;3;3;2;3;3;3;2;3;2;3;3;3;4;1;1;5;3;4;1;1;3;1;3;1;2;4;3;4;1;4;1;3
414;04/12/2023;1;3;1;3;0;1;1;6;1;1;2;3;3;3;3;2;2;3;2;2;3;3;2;3;4;4;3;3;3;2;3;3;3;2;3;3;2;3;3;2;2;2;3;4;4;4;1;2;5;3;4;2;3;2;3;4;1;3;5;4;2;2;5;2;3
415;04/12/2023;1;1;1;3;0;1;1;6;1;1;2;3;2;3;3;3;3;3;3;3;3;2;2;3;3;2;3;3;3;3;3;3;2;3;3;3;3;3;3;3;3;3;3;2;2;4;1;1;4;2;4;1;1;3;1;2;1;1;4;4;4;1;4;1;3
416;04/12/2023;2;4;0;0;2;3;2;2;1;1;2;2;3;2;3;4;2;2;1;1;3;3;1;2;2;2;3;3;3;4;2;2;2;2;3;4;3;3;3;3;4;3;4;3;3;5;1;3;4;4;5;3;3;2;4;5;5;4;4;4;4;3;2;5;3
417;04/12/2023;2;5;0;0;2;4;4;2;1;1;2;3;4;3;4;3;2;3;3;3;3;3;3;3;3;3;4;3;3;4;3;2;3;2;3;3;3;2;2;4;3;2;3;3;3;5;1;1;5;1;5;1;2;3;1;1;1;2;5;4;3;1;5;1;3
418;04/12/2023;2;3;0;0;2;3;3;1;1;1;2;3;3;3;4;4;3;3;3;3;3;3;3;3;3;3;3;4;3;3;3;3;3;3;3;3;3;3;3;3;2;3;1;3;3;4;1;1;5;3;4;1;1;3;2;2;1;1;5;3;5;1;5;1;3
419;04/12/2023;2;5;0;0;2;4;4;5;4;1;2;4;3;4;4;4;3;4;4;4;4;4;4;4;4;3;3;4;4;4;4;4;4;3;3;4;4;4;4;4;3;4;1;2;1;5;1;1;5;1;5;1;1;5;1;2;1;1;5;5;5;1;5;1;3
420;04/12/2023;2;4;0;0;2;3;3;6;1;1;2;2;3;2;3;2;2;2;2;2;3;2;2;2;3;3;2;3;2;2;2;3;2;2;1;3;3;2;3;3;3;2;5;5;5;5;1;1;5;5;4;1;2;2;3;5;1;3;4;4;5;5;3;2;3
421;04/12/2023;2;5;0;0;2;4;4;5;4;1;2;3;4;4;4;4;3;4;4;4;4;3;4;3;4;4;4;4;4;4;4;4;4;4;4;4;4;3;4;4;2;4;2;2;1;5;1;1;5;1;5;1;1;5;1;3;1;1;5;5;4;1;4;1;3
422;04/12/2023;2;3;0;0;2;2;2;7;1;1;1;3;3;3;3;4;3;3;3;2;3;3;2;3;3;3;3;4;3;3;3;3;3;3;3;3;3;3;3;3;3;3;3;4;3;5;1;2;5;2;5;1;1;5;1;3;1;2;5;4;5;2;5;3;3
423;04/12/2023;1;5;1;3;0;4;4;7;1;1;2;3;3;4;4;3;2;3;3;1;4;4;2;3;3;3;3;3;3;4;4;3;3;2;3;3;4;4;4;4;2;4;3;4;3;4;1;1;5;3;4;1;1;3;1;3;1;3;3;3;4;2;3;2;3
424;04/12/2023;2;4;0;0;2;4;4;7;1;1;2;3;3;4;3;1;1;3;1;1;3;2;1;2;3;2;2;2;2;3;3;1;2;2;2;2;1;2;3;3;2;2;2;4;3;5;1;1;5;2;5;1;1;5;1;3;1;1;5;5;5;1;3;2;3
425;04/12/2023;2;5;0;0;2;4;4;7;1;1;2;3;3;3;4;3;3;3;3;2;3;3;2;3;3;3;3;3;3;3;3;3;3;3;3;3;3;3;3;3;3;3;3;3;2;5;1;1;5;1;3;5;2;4;1;2;1;2;5;4;4;1;5;3;3
426;04/12/2023;2;5;0;0;2;1;1;3;1;3;1;3;3;3;3;3;3;3;2;2;3;3;2;2;3;3;3;3;3;3;3;3;3;2;2;3;3;3;3;3;3;3;3;3;3;5;1;1;5;3;5;1;1;3;3;3;1;3;5;5;4;1;5;3;3
427;04/12/2023;2;4;0;0;2;4;4;2;1;1;2;3;3;3;3;4;2;3;2;2;4;3;2;3;3;3;3;3;3;3;2;3;3;3;3;4;3;2;3;3;3;3;3;2;2;5;1;1;5;2;5;1;1;4;1;2;1;1;5;5;4;1;5;1;3
428;04/12/2023;1;5;1;3;0;2;2;7;4;1;2;3;3;3;3;3;2;3;3;3;3;3;3;3;3;3;3;3;3;3;3;3;3;3;3;3;3;3;3;3;3;3;3;3;4;4;1;2;5;3;3;1;1;3;3;3;1;3;5;3;5;2;4;1;3
429;04/12/2023;1;5;1;3;0;2;2;7;4;1;2;3;3;3;3;3;2;3;3;3;3;3;3;3;3;3;3;3;3;3;3;3;3;3;3;3;3;3;3;3;3;3;3;3;4;4;1;2;5;3;3;1;1;3;3;3;1;3;5;3;5;2;4;1;3
430;04/12/2023;2;5;0;0;2;4;4;6;4;1;2;2;3;2;3;3;3;2;1;1;3;3;2;1;4;3;3;3;2;3;3;1;3;3;3;2;3;3;2;3;3;3;4;5;5;3;1;3;4;5;4;2;2;2;4;5;1;3;4;3;4;3;3;3;3
431;04/12/2023;2;3;0;0;2;3;3;2;1;1;1;2;3;2;3;3;2;2;2;2;3;2;2;2;3;3;3;3;3;2;2;3;2;3;2;2;3;2;2;3;2;3;5;5;5;5;1;3;5;4;5;3;2;2;3;5;1;3;5;4;4;4;4;2;3
432;04/12/2023;2;3;0;0;2;4;4;1;1;1;2;2;3;3;3;3;3;3;3;3;3;3;2;3;3;1;3;3;3;3;3;3;3;3;3;3;3;3;2;3;2;3;3;3;1;5;1;1;4;3;1;1;1;5;1;3;1;3;5;3;5;1;3;1;3
433;04/12/2023;2;5;0;0;2;4;4;1;1;1;2;2;3;2;4;3;4;3;4;1;4;2;2;1;3;2;2;3;3;3;2;2;3;3;2;3;2;3;2;2;3;3;3;3;3;5;1;1;4;3;1;1;1;5;1;3;1;3;5;3;5;1;3;1;3
434;04/12/2023;2;5;0;0;2;4;4;1;1;1;2;3;3;3;3;3;3;3;3;2;3;3;2;3;4;2;3;3;3;4;3;3;3;2;3;3;3;3;3;3;2;2;2;3;1;5;1;1;5;1;4;1;1;4;2;2;1;2;5;5;5;1;4;1;3
435;04/12/2023;1;3;1;3;0;2;2;3;1;1;2;2;4;2;3;3;2;3;1;1;3;3;1;2;4;3;3;3;3;3;3;2;3;4;3;2;2;2;2;2;3;2;3;4;3;5;1;1;4;3;4;1;1;4;2;3;1;2;4;4;2;3;4;2;3
436;04/12/2023;1;4;1;3;0;3;2;2;1;1;2;2;3;3;4;3;1;2;2;2;3;3;2;2;4;2;3;2;2;3;3;1;1;1;3;3;1;3;3;4;3;4;3;4;3;4;2;1;4;3;3;4;3;1;3;3;2;3;3;3;3;3;4;3;3
437;04/12/2023;1;5;1;3;0;3;3;5;4;1;2;3;3;3;3;3;2;3;3;3;3;4;3;3;4;3;3;3;3;4;4;3;3;2;3;3;3;3;3;2;2;3;3;2;1;5;1;1;5;1;5;1;1;4;1;1;1;1;5;5;4;1;5;1;3
438;04/12/2023;2;4;0;0;2;4;4;3;1;1;2;2;3;1;3;3;2;2;1;1;2;1;2;1;3;3;3;3;3;3;1;3;3;2;3;3;3;2;2;3;3;2;4;5;5;5;1;3;5;5;4;1;3;1;3;5;1;2;4;4;5;3;4;1;3
439;04/12/2023;2;5;0;0;2;1;1;3;1;1;1;2;3;3;3;2;2;3;1;1;3;3;1;2;3;3;3;2;3;3;2;2;3;3;2;3;3;3;3;3;3;2;5;5;5;5;3;4;3;4;2;3;4;2;4;5;1;3;3;4;2;3;3;3;3
440;04/12/2023;1;5;1;3;0;2;2;2;1;1;2;2;3;3;3;2;2;3;3;3;3;3;3;2;3;1;3;3;3;3;1;2;3;2;3;2;3;3;2;3;3;3;3;3;3;3;1;3;5;3;4;1;1;4;3;3;1;3;4;4;5;3;5;1;3
441;04/12/2023;1;5;1;3;0;2;2;2;1;1;2;2;3;3;3;2;2;3;3;3;3;3;3;2;3;1;3;3;3;3;1;2;3;2;3;2;3;3;2;3;3;3;3;3;3;3;1;3;5;3;4;1;1;4;3;3;1;3;4;4;5;3;5;1;3
442;04/12/2023;2;3;0;0;2;3;3;1;1;1;2;3;3;3;3;4;3;3;3;2;3;3;2;3;3;2;3;3;3;3;3;3;3;3;3;3;3;3;3;3;2;3;3;3;3;4;1;1;5;1;4;5;1;3;1;3;1;3;4;4;5;1;5;1;3
443;04/12/2023;2;4;0;0;2;2;2;1;1;1;1;3;3;3;3;3;3;3;3;3;3;3;3;3;3;3;3;3;3;3;3;3;3;3;3;3;3;3;3;3;2;3;2;3;3;5;1;1;5;1;5;5;1;2;1;3;1;3;5;5;5;2;5;1;3
444;04/12/2023;2;4;0;0;2;4;4;1;1;1;1;3;3;3;4;4;2;3;3;2;4;4;2;3;3;3;3;3;3;3;3;3;3;3;3;3;3;3;3;3;3;2;3;3;2;4;1;1;5;2;3;1;4;3;1;3;1;1;4;4;5;1;5;1;3
445;04/12/2023;2;5;0;0;2;4;3;1;1;1;2;3;4;3;4;4;4;3;4;2;3;3;3;3;3;3;3;3;3;3;3;4;4;4;4;4;4;4;4;4;4;2;3;2;1;5;1;1;4;3;5;1;1;5;1;1;1;1;5;5;5;1;4;1;3
446;04/12/2023;2;5;0;0;2;4;4;1;1;1;2;2;4;2;3;4;2;2;2;2;2;2;2;2;3;2;4;2;3;4;2;1;3;2;3;3;3;3;3;3;2;3;2;3;2;3;1;1;3;1;3;1;1;5;3;2;1;1;5;3;3;1;5;1;3
447;04/12/2023;2;5;0;0;2;1;1;2;1;1;1;3;3;3;3;4;3;4;4;4;4;4;4;4;4;3;3;4;4;4;4;4;4;3;3;2;3;3;3;4;4;4;4;3;3;3;1;3;5;3;5;5;2;3;1;3;1;1;5;5;5;1;4;2;3
448;04/12/2023;2;3;0;0;2;3;3;1;1;3;2;2;3;3;4;4;2;2;2;2;3;3;2;3;3;2;2;3;3;3;3;3;3;3;3;3;3;3;2;3;2;3;4;4;4;5;1;2;5;4;5;3;3;3;3;4;1;2;4;3;4;3;4;1;3
449;04/12/2023;2;1;0;0;2;1;1;3;1;1;2;1;1;1;3;2;1;1;1;1;1;1;1;2;4;4;3;2;3;2;2;2;3;1;2;4;4;2;1;4;4;1;4;5;4;4;2;5;5;4;4;2;2;1;3;3;1;4;5;5;5;4;3;3;3
450;04/12/2023;2;1;0;0;2;1;1;3;1;1;2;1;1;1;3;2;1;1;1;1;1;1;1;2;4;4;3;2;3;2;2;2;3;1;2;4;4;2;1;4;4;1;4;5;4;4;2;5;5;4;4;2;2;1;3;3;1;4;5;5;5;4;3;3;3
451;04/12/2023;2;5;0;0;2;4;4;3;1;1;2;3;3;4;4;4;2;3;3;3;3;4;4;2;3;3;3;4;3;3;4;3;4;3;3;3;4;4;4;4;3;2;3;4;3;4;1;3;4;3;5;1;1;3;3;3;1;3;5;4;4;2;4;1;3
452;04/12/2023;2;4;0;0;2;1;1;6;1;1;2;3;1;3;3;4;3;3;3;3;4;4;4;3;3;3;3;3;3;3;3;3;3;3;3;3;3;3;3;3;3;3;3;3;2;5;1;1;5;3;3;1;1;3;1;3;1;1;5;3;5;1;5;1;3
453;04/12/2023;2;5;0;0;2;4;4;3;1;3;2;3;3;3;3;3;3;2;2;2;3;2;2;2;3;2;3;3;3;3;3;3;3;3;3;3;2;3;3;3;3;3;1;3;1;4;1;3;5;2;5;2;2;4;1;2;1;2;5;5;5;2;4;2;3
454;05/12/2023;1;4;1;3;0;4;4;1;1;1;1;3;2;2;3;2;2;2;2;1;3;2;1;2;4;3;2;3;3;3;2;2;3;3;2;3;3;3;2;3;2;2;4;4;3;3;1;1;5;3;5;1;1;2;3;3;1;1;5;5;5;3;5;1;3
455;05/12/2023;2;5;0;0;2;4;4;3;1;3;1;2;3;2;3;3;1;1;2;3;3;3;2;2;4;2;3;3;2;4;2;1;3;3;3;2;2;2;3;3;3;3;3;4;4;4;1;3;5;3;5;1;4;2;3;5;1;3;4;3;5;4;4;1;3
456;05/12/2023;1;5;1;3;0;4;4;3;1;3;2;2;3;3;3;3;2;3;2;3;3;3;2;1;3;3;3;3;3;3;2;2;3;3;3;2;3;3;2;3;3;3;3;3;2;3;1;2;4;3;4;1;1;3;2;2;4;3;4;3;4;1;4;1;3
457;05/12/2023;2;4;0;0;2;2;2;3;1;1;2;2;3;2;4;4;2;2;2;1;2;2;1;2;4;3;3;3;3;2;2;2;3;3;2;3;3;3;3;3;3;3;5;5;5;4;1;2;5;4;4;1;3;2;3;4;1;2;4;4;3;4;4;2;3
458;05/12/2023;2;4;0;0;2;2;2;3;1;1;2;2;3;2;4;4;2;2;2;1;2;2;1;2;4;3;3;3;3;2;2;2;3;3;2;3;3;3;3;3;3;3;5;5;5;4;1;2;5;4;4;1;3;2;3;4;1;2;4;4;3;4;4;2;3
459;05/12/2023;2;3;0;0;2;3;3;7;1;1;1;2;4;4;4;4;3;4;3;1;4;4;2;2;3;4;3;4;3;3;3;2;3;2;3;3;2;2;4;3;4;2;3;3;2;3;1;1;5;3;5;2;2;4;1;3;1;2;5;5;5;1;5;2;3
460;05/12/2023;2;3;0;0;2;3;3;7;1;1;1;2;4;4;4;4;3;4;3;1;4;4;2;2;3;4;3;4;3;3;3;2;3;2;3;3;2;2;4;3;4;2;3;3;2;3;1;1;5;3;5;2;2;4;1;3;1;2;5;5;5;1;5;2;3
461;05/12/2023;1;5;1;3;0;4;4;7;1;1;2;3;4;3;3;3;3;3;2;3;2;2;2;3;3;3;3;2;3;3;3;2;3;3;3;2;2;2;2;3;2;2;3;4;2;4;3;2;4;3;2;3;4;2;4;4;1;3;3;2;4;2;3;3;3
462;05/12/2023;1;3;1;3;0;3;3;1;1;1;1;2;1;1;1;2;1;2;1;1;1;1;1;2;3;3;1;2;2;4;1;1;3;1;1;2;2;2;2;3;2;3;4;4;4;4;2;2;5;3;4;3;3;2;4;4;1;3;3;3;3;3;3;2;3
463;05/12/2023;1;3;1;3;0;3;3;1;1;1;1;2;1;1;1;2;1;2;1;1;1;1;1;2;3;3;1;2;2;4;1;1;3;1;1;2;2;2;2;3;2;3;4;4;4;4;2;2;5;3;4;3;3;2;4;4;1;3;3;3;3;3;3;2;3
464;05/12/2023;2;3;0;0;2;3;3;3;1;1;2;3;3;3;3;3;2;3;2;2;3;3;2;3;3;3;2;3;3;3;3;2;3;3;2;3;2;3;3;3;3;3;3;3;2;5;1;1;5;2;5;2;2;3;2;2;1;1;5;4;5;2;5;3;3
465;05/12/2023;2;4;0;0;2;4;4;1;1;1;2;3;3;3;3;4;3;3;3;2;3;3;2;3;3;2;3;3;3;3;3;3;3;3;3;3;3;3;3;3;3;3;3;2;3;4;1;1;5;1;3;1;1;4;3;1;5;3;3;3;3;2;3;1;3
466;05/12/2023;2;3;0;0;2;4;4;1;1;1;2;2;3;3;3;3;2;2;2;2;2;2;2;3;2;2;3;3;3;2;2;2;3;3;3;3;2;3;2;3;2;3;2;3;3;4;1;3;5;1;3;2;1;4;1;1;5;3;5;5;5;2;3;3;3
467;06/12/2023;2;3;0;0;2;3;2;7;1;3;2;3;3;3;3;3;3;3;3;3;3;3;3;3;3;3;3;3;3;3;3;3;3;3;3;3;3;3;3;3;3;1;2;3;3;2;1;3;5;2;3;3;1;3;1;2;1;2;4;3;4;2;4;1;3
468;06/12/2023;2;4;0;0;2;1;1;3;1;3;2;3;3;3;3;3;2;3;3;2;3;2;2;2;4;2;3;3;3;3;3;2;3;3;3;3;3;3;2;3;2;3;2;2;2;5;1;1;5;2;5;1;1;4;1;2;1;1;5;5;5;1;5;1;3
469;06/12/2023;2;4;0;0;2;4;4;7;1;3;2;3;3;3;3;3;2;3;3;3;4;4;3;3;4;3;4;3;3;3;3;3;3;3;3;3;3;3;3;3;3;2;3;3;2;5;1;1;5;1;1;1;1;3;1;2;1;1;5;4;5;1;4;3;3
470;06/12/2023;2;4;0;0;2;4;4;3;1;3;2;1;1;1;1;3;1;1;1;1;1;1;1;1;4;3;1;2;1;3;1;1;3;2;1;3;2;1;1;3;4;3;5;5;4;4;1;3;4;5;4;1;1;1;3;5;1;1;3;1;3;5;3;5;3
471;06/12/2023;1;5;1;3;0;4;2;7;1;3;2;3;3;3;3;3;3;3;3;3;3;3;3;3;3;3;3;2;3;3;3;3;3;2;3;3;3;3;3;3;3;3;2;2;2;4;1;2;4;2;4;1;2;4;1;2;1;3;4;4;4;2;4;2;3
472;06/12/2023;2;4;0;0;2;4;4;7;1;3;1;3;3;3;3;3;3;3;3;3;3;3;3;3;3;3;3;3;3;3;3;3;3;3;3;3;3;3;3;3;3;3;3;3;3;4;1;3;5;2;4;1;2;3;1;3;1;1;4;3;4;1;4;3;3
473;06/12/2023;2;4;0;0;2;4;4;7;1;3;1;3;3;3;3;3;3;3;3;3;3;3;3;3;3;3;3;3;3;3;3;3;3;3;3;3;3;3;3;3;3;3;3;3;3;4;1;3;5;2;4;1;2;3;1;3;1;1;4;3;4;1;4;3;3
474;06/12/2023;2;3;0;0;2;4;2;2;1;1;2;4;3;3;4;3;3;4;3;3;4;3;3;3;3;3;3;4;3;2;3;3;4;2;3;4;2;3;3;3;1;3;2;3;2;5;1;3;5;1;5;1;1;4;3;1;1;3;5;4;5;3;5;1;3
475;06/12/2023;2;4;0;0;2;4;4;2;1;3;2;1;3;2;3;3;3;2;1;1;3;2;1;1;3;3;3;3;2;3;2;3;3;3;2;3;3;3;4;2;3;3;5;5;5;5;1;1;5;4;5;2;2;2;2;5;1;2;5;4;2;2;5;5;3
476;06/12/2023;2;5;0;0;2;4;4;2;1;1;2;3;3;3;3;3;3;3;3;3;3;3;3;2;3;3;3;3;3;3;3;3;3;3;3;3;3;3;3;3;3;3;3;3;3;3;1;3;5;3;5;5;3;3;1;3;1;2;5;3;5;1;3;1;3
477;06/12/2023;2;4;0;0;2;3;3;2;1;1;2;2;3;2;3;2;2;2;2;1;2;2;2;1;3;2;3;3;3;3;2;2;3;3;3;3;3;2;2;3;3;2;5;4;4;3;1;3;4;4;3;3;4;1;3;4;1;3;5;3;4;5;4;1;3
478;06/12/2023;1;3;1;3;0;2;3;2;1;3;1;3;3;3;3;3;3;3;3;3;3;3;3;3;3;3;3;3;3;3;3;3;3;3;3;3;3;3;3;3;3;3;3;3;3;3;3;2;5;3;4;5;2;5;1;2;1;2;5;4;5;2;4;1;3
479;06/12/2023;1;3;1;3;0;2;3;2;1;3;1;3;3;3;3;3;3;3;3;3;3;3;3;3;3;3;3;3;3;3;3;3;3;3;3;3;3;3;3;3;3;3;3;3;3;3;3;2;5;3;4;5;2;5;1;2;1;2;5;4;5;2;4;1;3
480;06/12/2023;2;2;0;0;2;2;2;6;1;1;2;3;3;3;3;4;2;3;2;2;3;3;2;3;3;3;3;4;3;4;3;3;3;3;3;3;3;3;3;3;3;3;3;3;2;5;1;2;5;1;5;1;2;4;2;4;1;3;5;4;4;1;5;2;3
481;06/12/2023;2;3;0;0;2;2;2;1;1;3;2;4;3;4;4;4;4;3;2;3;4;4;3;3;3;3;3;3;3;4;3;3;3;3;3;3;3;3;3;3;2;3;1;2;1;4;1;1;5;1;4;1;1;4;1;1;1;1;5;5;5;1;5;1;3
482;07/12/2023;2;4;0;0;2;2;2;7;1;3;2;1;1;3;2;2;2;3;3;2;3;3;2;1;4;4;2;3;2;4;3;1;3;3;2;2;3;3;2;3;2;3;3;4;3;4;1;3;4;3;4;1;1;3;3;3;1;3;4;3;3;3;4;5;3
483;07/12/2023;1;5;4;3;0;3;3;2;1;3;1;2;1;1;3;2;1;1;1;1;1;1;1;1;1;1;1;3;3;3;1;1;1;1;1;1;1;1;1;1;3;2;5;5;5;5;3;1;4;5;5;2;3;5;5;3;3;3;3;3;2;5;4;3;3
484;07/12/2023;2;3;0;0;2;3;3;2;1;3;1;3;2;2;1;3;2;1;2;1;1;1;1;1;2;1;2;2;3;2;1;1;1;1;1;1;1;1;1;1;1;3;5;5;4;5;1;1;4;5;5;5;4;2;1;5;1;1;5;3;5;3;5;3;3
485;07/12/2023;2;5;0;0;2;2;2;7;1;3;2;3;3;3;2;3;2;3;3;2;3;3;1;2;3;3;3;3;3;3;2;2;3;3;3;2;2;2;2;3;2;3;4;4;4;4;1;1;5;4;5;1;1;5;4;4;1;3;4;4;5;4;4;2;3
486;07/12/2023;2;2;0;0;2;2;2;7;1;3;2;3;3;2;3;2;3;2;3;2;3;2;2;2;3;3;3;3;3;3;2;2;3;3;2;3;3;2;2;3;2;2;4;5;5;4;1;3;5;3;3;2;1;2;5;5;1;3;3;3;2;5;4;3;3
487;07/12/2023;2;5;0;0;2;4;3;7;1;3;2;3;3;3;3;2;2;2;3;3;3;3;3;2;3;3;3;3;3;3;3;3;3;3;3;3;3;3;3;3;3;3;3;3;2;3;1;3;5;3;5;1;3;1;3;4;1;3;3;2;4;4;4;3;3
488;07/12/2023;2;4;0;0;2;4;4;2;1;3;2;1;3;2;3;3;3;2;1;1;3;2;1;1;3;3;3;3;2;3;2;3;3;3;2;3;3;3;4;2;3;3;5;5;5;5;1;1;5;4;5;2;2;2;2;5;1;2;5;4;2;2;5;5;3
489;07/12/2023;2;5;0;0;2;2;2;6;1;3;2;2;2;2;3;3;2;1;2;2;3;3;2;3;3;3;2;3;3;3;2;2;2;2;2;2;2;2;3;2;3;3;3;3;2;4;1;1;4;3;3;1;2;4;1;3;1;1;4;4;3;1;4;1;3
490;07/12/2023;1;3;1;3;0;3;3;7;1;3;1;3;3;3;3;2;1;2;1;2;3;3;2;2;3;2;3;3;2;3;2;2;3;2;3;2;3;2;2;2;2;3;3;1;1;5;1;1;5;1;4;1;1;5;3;3;1;1;5;4;5;2;4;2;3
491;07/12/2023;2;4;0;0;2;3;3;1;1;1;2;2;2;2;3;2;2;3;2;2;2;2;2;3;2;2;2;2;2;3;2;2;2;2;2;2;2;2;2;2;2;2;5;4;4;1;1;4;1;4;3;3;3;2;2;4;1;4;1;1;3;4;3;1;3
492;07/12/2023;1;5;1;1;0;4;2;6;4;4;2;3;3;4;4;3;3;4;3;3;4;4;3;4;4;4;3;3;3;3;3;3;3;4;4;3;3;3;4;3;3;3;3;2;1;5;1;1;5;1;5;1;1;4;1;1;1;2;5;5;5;2;4;1;3
493;07/12/2023;2;4;0;0;2;3;3;1;1;1;2;2;2;2;3;2;2;3;2;2;2;2;2;3;2;2;2;2;2;3;2;2;2;2;2;2;2;2;2;2;2;2;5;4;4;1;1;4;1;4;3;3;3;2;2;4;1;4;1;1;3;4;3;1;3
494;07/12/2023;2;4;0;0;2;4;4;1;1;1;2;2;2;2;3;2;1;1;3;2;1;1;1;1;3;2;2;2;2;4;2;2;3;2;2;3;2;2;2;2;2;2;3;3;3;3;1;1;5;3;3;1;3;2;2;4;1;1;5;5;3;3;3;3;3
495;07/12/2023;2;2;0;0;2;2;2;7;1;1;2;3;1;3;3;3;2;1;2;2;3;3;2;3;3;3;1;3;3;2;1;1;2;2;1;1;3;3;3;3;3;2;3;3;3;5;1;3;5;3;5;1;1;3;2;3;1;3;4;3;4;1;3;2;3
496;07/12/2023;2;5;0;0;2;1;1;7;1;1;2;3;3;4;4;3;3;3;3;2;3;3;2;3;4;3;3;3;3;3;3;2;3;3;2;3;3;3;4;3;2;3;2;3;2;4;1;1;5;2;4;2;1;3;3;3;1;3;5;4;4;1;5;3;3
497;07/12/2023;2;3;0;0;2;3;3;6;1;1;2;2;2;2;3;2;2;2;2;3;2;2;2;2;3;3;3;2;3;3;3;2;3;2;2;2;3;2;2;2;2;2;3;4;3;4;1;3;5;3;5;1;1;2;2;3;1;3;3;2;4;2;3;1;3
498;07/12/2023;1;4;1;3;0;4;2;2;1;3;2;3;2;2;3;4;2;2;2;2;2;2;3;2;3;3;2;3;3;3;3;3;3;3;2;3;2;3;3;3;3;3;3;3;4;4;2;2;4;3;4;3;2;3;2;2;1;3;3;4;3;3;3;3;3
499;07/12/2023;2;2;0;0;2;2;2;7;1;1;2;3;1;3;3;3;2;1;2;2;3;3;2;3;3;3;1;3;3;2;1;1;2;2;1;1;3;3;3;3;3;2;3;3;3;5;1;3;5;3;5;1;1;3;2;3;1;3;4;3;4;1;3;2;3
500;07/12/2023;2;4;0;0;2;3;3;1;1;1;2;2;2;2;3;2;2;3;2;2;2;2;2;3;2;2;2;2;2;3;2;2;2;2;2;2;2;2;2;2;2;2;5;4;4;1;1;4;1;4;3;3;3;2;2;4;1;4;1;1;3;4;3;1;3
501;08/12/2023;2;5;0;0;2;4;4;1;1;3;2;3;3;3;3;3;3;3;3;2;3;3;2;3;4;3;4;3;3;3;3;3;3;3;3;3;2;3;3;3;3;3;3;4;3;3;1;1;5;3;2;2;1;3;2;2;1;1;4;3;4;3;4;1;3
502;08/12/2023;2;3;0;0;2;2;2;1;1;3;2;3;3;3;3;3;3;3;3;2;3;3;2;3;3;3;3;3;3;3;3;3;3;3;3;3;2;3;3;3;3;3;3;2;3;5;1;3;5;3;3;1;1;5;1;1;1;3;4;3;4;3;3;1;3
503;08/12/2023;2;4;0;0;2;4;4;2;1;1;2;2;3;3;3;3;3;2;3;2;3;2;2;3;3;3;3;3;3;3;2;2;3;3;3;3;2;3;3;3;3;3;2;4;4;5;1;1;5;1;5;1;1;3;1;3;1;2;5;5;5;1;4;1;3
504;08/12/2023;2;2;0;0;2;2;2;6;1;1;2;2;3;2;3;3;2;3;2;2;3;2;2;2;3;3;3;3;3;4;2;3;3;3;3;3;3;3;3;3;3;3;4;3;2;5;1;2;5;2;5;1;1;4;3;3;1;2;5;3;3;2;4;2;3
505;08/12/2023;2;5;0;0;2;2;2;5;1;2;2;3;3;2;3;1;1;1;1;2;3;1;1;2;4;2;2;2;2;4;1;1;2;3;1;3;3;3;3;3;1;3;5;5;5;5;1;3;5;4;5;1;3;2;5;4;1;4;5;3;5;3;4;3;3
506;08/12/2023;1;2;4;3;0;4;1;3;1;1;2;2;3;3;3;3;2;3;2;1;3;3;2;3;3;3;3;3;3;2;3;2;3;2;3;3;3;2;3;2;4;2;4;3;3;4;1;1;5;3;4;1;2;3;3;3;1;1;5;4;3;3;4;1;3
507;09/12/2023;1;5;1;3;0;4;3;2;1;3;2;2;3;2;4;4;2;2;2;1;3;3;1;2;3;3;3;3;3;3;2;1;3;1;3;3;2;2;3;4;3;4;4;3;3;5;1;1;5;3;4;1;3;2;3;4;1;3;4;3;5;3;4;1;3
508;09/12/2023;2;4;0;0;2;4;4;3;1;3;1;3;3;3;3;3;2;3;3;2;3;3;2;3;3;3;3;3;3;3;3;2;3;2;3;2;3;2;3;3;3;3;3;3;3;4;1;2;5;3;4;1;1;4;2;3;1;2;5;5;4;2;4;1;3
509;09/12/2023;1;3;1;3;0;3;3;2;1;3;2;1;3;1;4;1;2;1;1;1;3;1;1;1;3;3;3;1;2;2;1;1;2;2;3;2;2;3;1;3;3;2;4;5;3;4;1;1;5;4;5;2;4;3;4;4;2;3;5;3;4;4;3;2;3
510;10/12/2023;2;4;0;0;2;3;3;3;1;3;2;2;3;2;3;3;2;2;3;1;3;2;1;1;3;3;2;3;3;4;3;2;3;3;2;3;3;3;3;3;3;3;4;3;3;5;1;1;5;3;5;1;2;1;1;3;1;1;5;1;5;3;5;1;3
511;10/12/2023;1;5;1;3;0;4;2;3;1;3;2;2;3;3;3;4;3;3;2;2;3;3;2;3;3;3;3;3;3;3;3;3;3;3;3;3;3;3;3;3;3;3;3;3;2;4;1;1;5;2;4;1;2;3;1;3;1;2;3;4;3;1;4;1;3
512;10/12/2023;2;4;0;0;2;4;4;3;1;3;2;2;3;3;3;4;4;3;3;3;3;3;1;3;3;3;3;3;1;3;3;3;3;3;3;1;3;3;3;3;3;3;5;3;2;4;1;1;5;3;5;1;1;3;2;2;5;1;4;5;5;3;2;5;3
513;10/12/2023;2;3;0;0;2;3;3;3;1;3;2;3;2;2;4;4;3;2;2;1;3;2;1;2;4;3;2;3;3;4;2;2;3;3;2;3;3;3;1;3;4;4;4;5;3;4;1;2;5;4;4;2;3;2;2;4;1;2;5;3;3;3;3;1;3
514;10/12/2023;2;3;0;0;2;3;3;3;1;3;2;3;2;2;4;4;3;2;2;1;3;2;1;2;4;3;2;3;3;4;2;2;3;3;2;3;3;3;1;3;4;4;4;5;3;4;1;2;5;4;4;2;3;2;2;4;1;2;5;3;3;3;3;1;3
515;11/12/2023;2;3;0;0;2;4;4;1;1;1;2;2;2;1;3;3;1;2;2;1;2;2;2;2;3;2;2;2;2;3;2;2;3;2;2;3;2;2;1;2;2;2;3;5;4;3;1;1;5;3;5;1;1;3;1;4;1;1;5;3;5;3;4;1;3
516;11/12/2023;2;3;0;0;2;3;3;3;1;1;2;3;3;3;3;3;2;3;2;2;3;3;2;3;3;3;2;3;3;3;3;2;3;3;2;3;2;3;3;3;3;3;3;3;2;5;1;1;5;2;5;2;2;3;2;2;1;1;5;4;5;2;5;3;3
517;15/12/2023;1;5;1;3;0;4;4;3;1;3;2;2;3;3;3;3;2;3;2;3;3;3;2;1;3;3;3;3;3;3;2;2;3;3;3;2;3;3;2;3;3;3;3;3;2;3;1;2;4;3;4;1;1;3;2;2;4;3;4;3;4;1;4;1;3
518;17/12/2023;2;5;0;0;2;4;4;6;4;1;2;2;3;2;3;3;3;2;1;1;3;3;2;1;4;3;3;3;2;3;3;1;3;3;3;2;3;3;2;3;3;3;4;5;5;3;1;3;4;5;4;2;2;2;4;5;1;3;4;3;4;3;3;3;3
519;28/12/2023;2;3;0;0;2;2;2;5;1;1;1;3;3;3;3;3;2;2;3;3;3;3;3;3;3;3;3;3;3;3;3;3;3;3;3;3;3;3;3;3;3;3;3;3;3;5;1;1;5;3;3;1;1;1;2;3;1;3;4;4;4;2;3;1;3
520;12/02/2024;2;3;0;0;2;3;3;2;1;1;2;3;3;3;3;3;2;3;3;3;3;3;3;2;3;3;3;3;3;3;3;3;3;2;3;2;2;3;2;3;3;3;3;3;3;2;1;2;5;3;4;1;1;2;3;3;3;2;4;4;4;3;2;3;3
521;10/05/2024;1;2;1;3;0;3;2;3;1;1;2;2;4;2;4;4;2;2;1;1;3;2;1;2;3;3;3;1;3;3;2;3;3;3;2;2;3;4;3;3;3;3;5;5;5;4;1;1;5;5;5;1;3;2;4;5;1;1;4;5;3;5;3;1;3
522;01/07/2024;2;3;0;0;2;3;3;3;1;1;2;1;1;1;4;4;4;2;2;1;1;1;1;1;1;1;1;1;1;1;1;1;1;1;1;1;1;1;3;4;3;4;5;5;5;4;1;3;4;4;4;5;5;1;5;5;3;5;2;3;3;4;2;1;4
523;01/07/2024;2;3;0;0;2;3;3;3;1;1;2;1;1;1;4;4;4;2;2;1;1;1;1;1;1;1;1;1;1;1;1;1;1;1;1;1;1;1;3;4;3;4;5;5;5;4;1;3;4;4;4;5;5;1;5;5;3;5;2;3;3;4;2;1;4
524;01/07/2024;1;4;1;2;0;1;1;4;4;4;2;2;3;3;3;3;3;2;2;2;2;3;2;3;2;3;3;3;3;3;3;2;3;3;4;3;3;3;3;3;3;3;4;3;3;5;1;3;5;3;4;2;2;3;4;2;1;3;4;3;3;2;2;2;4
525;01/07/2024;1;5;1;1;0;4;4;5;4;4;2;2;2;3;3;3;3;3;2;2;3;3;2;3;3;2;2;3;3;3;3;3;2;3;2;2;3;3;3;3;2;3;4;4;3;4;1;2;5;3;4;1;1;4;2;4;1;1;4;5;5;1;5;2;4
526;01/07/2024;2;4;0;0;2;1;1;3;1;2;2;3;2;2;2;2;3;1;2;1;2;2;2;1;2;2;2;2;2;2;2;2;2;2;2;1;2;2;2;2;2;2;3;4;4;5;1;1;5;4;4;3;3;2;4;3;1;3;4;4;3;3;3;2;4
527;01/07/2024;1;5;1;1;0;3;3;3;4;1;2;1;3;3;2;3;3;3;2;2;3;2;2;2;4;4;2;3;3;2;2;2;3;2;3;2;2;3;2;2;2;3;2;2;2;5;1;3;3;2;5;4;3;5;2;5;1;4;5;3;5;3;4;5;4
528;01/07/2024;1;4;1;1;0;2;1;6;4;4;2;2;2;1;2;2;2;2;2;2;1;1;1;1;3;2;2;2;2;1;3;1;2;2;2;2;2;3;3;2;2;3;5;5;5;5;1;4;5;5;4;3;3;2;5;5;2;3;4;4;5;5;3;3;4
529;01/07/2024;1;4;1;2;0;2;3;4;4;1;2;2;2;1;3;2;1;1;1;1;1;1;1;2;4;4;3;2;1;1;1;1;2;3;2;1;1;3;2;1;3;1;4;4;4;5;1;1;4;4;1;3;5;1;5;4;1;4;5;4;5;5;2;1;4
530;01/07/2024;1;4;1;2;0;2;3;4;4;1;2;2;2;1;3;2;1;1;1;1;1;1;1;2;4;4;3;2;1;1;1;1;2;3;2;1;1;3;2;1;3;1;4;4;4;5;1;1;4;4;1;3;5;1;5;4;1;4;5;4;5;5;2;1;4
531;01/07/2024;1;5;2;2;0;1;1;4;4;4;1;3;3;3;3;3;3;3;2;2;3;3;2;3;3;3;3;3;3;3;2;3;3;3;3;3;3;3;3;3;2;3;3;3;2;4;1;1;5;2;5;5;2;5;2;1;1;2;5;4;4;1;4;1;4
532;01/07/2024;1;4;1;3;0;4;3;5;4;4;2;3;3;3;3;3;2;3;3;2;3;3;2;3;3;3;3;3;3;3;3;3;3;3;2;2;3;3;4;3;2;3;3;3;3;4;3;2;4;3;2;1;1;3;3;3;1;1;3;4;5;3;3;3;4
533;01/07/2024;1;2;4;2;0;2;2;4;4;4;2;4;4;4;4;3;3;4;3;2;3;3;3;3;4;3;3;2;3;3;3;3;3;3;3;2;3;3;3;3;3;3;3;4;2;4;1;2;5;3;4;1;1;3;2;3;1;2;5;3;5;3;4;3;4
534;01/07/2024;3;3;0;0;2;3;3;3;1;1;2;1;3;1;3;3;1;1;1;1;1;1;1;1;4;1;2;3;3;3;1;1;1;3;3;1;4;1;1;3;4;1;5;5;5;5;1;2;5;5;5;3;4;2;3;5;1;2;5;5;5;5;4;1;4
535;01/07/2024;3;2;0;0;2;2;2;7;1;2;2;1;2;1;3;1;3;1;1;1;1;1;1;1;4;3;3;2;2;1;1;1;1;1;1;1;1;1;1;1;1;1;5;5;5;3;1;1;5;4;5;2;1;2;3;3;1;3;5;4;5;3;2;1;4
536;01/07/2024;3;2;0;0;2;1;1;7;1;1;2;1;3;1;3;3;2;2;1;1;1;1;1;1;3;3;3;3;1;1;1;1;2;2;3;1;1;2;2;2;3;2;2;5;3;4;1;2;5;2;4;3;2;3;2;3;1;2;5;4;3;2;4;2;4
537;01/07/2024;3;1;0;0;2;1;1;7;1;1;2;1;3;1;3;1;2;2;2;1;2;2;1;2;2;2;3;2;2;2;1;2;2;2;2;2;3;2;3;2;3;2;5;5;4;4;1;1;5;3;5;3;3;2;3;3;1;3;5;5;3;2;4;1;4
538;01/07/2024;1;5;1;1;0;4;2;4;4;4;2;3;3;2;2;4;3;2;2;2;3;3;2;3;3;4;3;2;1;2;3;3;3;3;2;2;1;4;3;2;2;3;2;2;2;3;1;1;5;2;4;1;1;4;2;3;1;1;5;4;4;1;4;2;4
539;01/07/2024;2;5;0;0;2;4;4;3;1;1;2;1;3;1;1;3;1;1;1;1;1;1;1;1;2;1;3;2;1;1;2;1;2;3;3;2;3;3;1;3;1;1;5;5;5;4;1;3;3;4;5;3;4;3;3;4;1;1;5;5;5;1;5;1;4
540;01/07/2024;2;5;0;0;2;4;4;3;1;1;2;1;3;1;1;1;4;1;1;1;1;1;1;1;1;4;3;3;2;2;1;1;1;3;4;1;2;3;1;3;1;2;5;5;4;4;1;2;3;4;2;1;1;1;3;3;1;2;5;3;1;2;3;4;4
541;01/07/2024;1;4;1;3;0;2;2;3;2;2;2;3;4;3;3;3;3;3;3;2;3;2;2;3;4;2;4;3;3;2;3;2;3;3;3;2;3;3;4;3;3;4;4;4;4;4;1;2;5;4;5;1;3;3;3;3;1;3;3;3;3;3;4;2;4
542;01/07/2024;1;4;1;2;0;2;2;4;4;4;2;2;2;2;3;2;3;1;3;2;2;2;2;2;1;3;2;2;2;2;1;1;2;3;3;1;3;3;2;3;2;3;3;3;4;5;1;2;5;3;4;3;2;2;2;2;1;3;4;2;4;4;3;1;4
543;01/07/2024;1;5;1;3;0;1;1;7;2;2;2;3;4;4;1;3;3;3;3;3;3;3;3;3;4;3;3;2;3;2;3;3;3;2;3;1;3;2;3;3;3;3;1;2;1;4;1;1;4;1;3;2;1;4;1;1;1;1;5;4;4;1;5;5;4
544;01/07/2024;3;4;0;0;2;4;4;1;2;2;2;3;3;3;3;3;3;2;3;3;3;3;3;3;3;3;3;3;3;3;3;3;3;3;3;3;3;3;3;3;2;3;2;3;2;2;1;2;5;2;5;2;2;4;2;2;1;2;4;4;4;2;4;1;4
545;01/07/2024;2;5;0;0;1;1;1;4;4;4;2;2;2;2;1;3;2;2;2;2;2;2;2;2;2;2;2;2;2;3;3;2;3;2;2;1;2;2;3;2;2;2;3;3;3;4;1;3;4;2;3;2;2;3;3;3;1;3;4;3;3;3;4;2;4
546;01/07/2024;3;1;0;0;2;1;1;6;4;4;1;2;2;2;2;2;3;3;3;3;2;2;2;3;2;2;2;2;3;2;3;2;3;3;3;2;2;3;3;2;3;2;3;3;2;4;1;1;5;1;2;1;1;4;1;3;1;1;5;5;5;2;5;2;4
547;01/07/2024;1;4;1;1;0;2;1;4;1;1;2;3;3;3;2;4;3;4;2;2;4;4;2;3;4;4;3;3;3;3;3;3;3;3;3;2;3;3;3;2;3;3;2;1;1;4;1;1;5;1;5;1;1;5;1;2;1;1;4;5;4;1;5;1;4
548;01/07/2024;3;2;0;0;2;1;1;7;1;1;2;1;3;1;3;3;2;2;1;1;1;1;1;1;3;3;3;3;1;1;1;1;2;2;3;1;1;2;2;2;3;2;2;5;3;4;1;2;5;2;4;3;2;3;2;3;1;2;5;4;3;2;4;2;4
549;01/07/2024;2;5;0;0;2;4;4;2;1;1;1;1;1;1;2;3;2;1;1;1;2;3;1;2;3;1;2;3;2;1;3;1;2;3;2;1;3;3;3;3;3;3;4;4;2;3;3;3;3;3;4;3;4;3;4;4;1;2;3;3;4;4;3;2;4
550;01/07/2024;2;4;0;0;2;3;3;2;1;1;2;1;1;2;1;1;1;1;1;1;3;2;1;1;1;1;2;1;1;1;2;2;1;2;3;1;2;2;2;3;1;2;5;5;5;4;3;2;5;5;2;5;5;1;5;5;1;4;2;1;2;5;2;1;4
551;01/07/2024;2;3;0;0;2;3;3;2;1;2;1;1;3;1;1;3;2;1;1;1;1;1;1;1;3;2;3;2;2;3;3;1;1;2;3;1;2;2;3;2;2;2;3;5;3;4;1;3;4;3;5;3;3;3;3;4;1;3;5;3;3;3;3;1;4
552;01/07/2024;2;4;0;0;2;2;2;2;1;1;1;1;2;2;1;3;3;3;1;4;2;1;1;2;3;2;2;3;3;2;3;1;1;1;3;1;1;2;2;2;2;2;5;5;3;2;1;3;5;5;3;3;3;3;3;5;1;3;1;2;2;5;4;3;4
553;01/07/2024;1;2;4;3;0;3;2;1;2;3;2;3;3;3;2;3;2;1;2;1;2;2;1;1;3;2;3;2;2;3;1;1;2;2;3;1;2;2;2;2;2;3;4;5;4;4;1;1;5;4;3;1;3;2;4;5;1;2;3;3;4;4;3;4;4
554;01/07/2024;1;5;1;3;0;1;1;7;1;3;2;1;2;2;2;2;1;1;2;1;2;2;1;1;3;2;2;2;2;2;2;1;1;2;2;1;2;2;2;1;2;3;5;4;4;5;1;2;5;4;4;3;4;1;4;5;1;2;4;4;4;5;4;3;4
555;01/07/2024;1;4;1;3;0;4;4;2;1;3;2;3;3;3;2;3;3;2;3;3;3;3;3;2;3;3;3;3;2;3;3;2;2;3;3;2;2;3;3;3;3;3;3;3;3;5;1;2;4;3;4;1;1;2;2;2;1;2;4;3;3;2;3;2;4
556;01/07/2024;2;4;0;0;2;4;4;2;1;3;2;3;3;1;2;1;3;2;3;3;2;2;3;2;3;2;3;2;2;3;2;2;3;2;3;2;3;3;1;2;3;3;4;4;5;4;1;1;5;3;4;1;3;2;3;3;1;1;5;3;1;3;4;1;4
557;01/07/2024;2;5;0;0;2;4;4;3;1;3;2;1;1;1;1;3;1;1;4;1;2;1;1;1;2;1;1;3;1;1;1;1;3;3;1;1;4;1;4;2;3;1;3;3;1;3;1;1;5;1;1;1;1;5;3;3;1;1;5;5;5;1;3;4;4
558;01/07/2024;2;5;0;0;2;4;4;3;1;3;1;2;2;3;3;3;3;3;3;2;3;3;2;2;3;3;2;3;3;3;2;2;2;3;1;3;2;3;2;3;3;2;4;3;3;4;4;2;4;3;4;1;1;3;3;3;1;2;4;4;4;4;4;4;4
559;01/07/2024;3;4;0;0;2;4;4;6;2;3;2;2;1;1;1;2;2;1;3;2;1;1;3;1;2;3;2;2;2;1;1;2;2;3;2;1;3;3;1;1;3;1;4;4;3;4;1;2;4;3;4;1;2;4;3;3;4;4;5;4;4;3;4;1;4
560;02/07/2024;1;3;1;2;0;4;1;3;1;3;2;2;3;2;3;3;3;1;1;1;3;3;2;1;3;3;3;3;2;3;2;2;3;3;3;1;2;3;3;2;2;3;2;2;2;5;1;1;5;2;5;1;3;3;3;5;1;1;5;5;3;1;5;3;4
561;02/07/2024;2;2;0;0;2;2;1;3;1;3;2;2;3;2;3;4;3;2;2;1;1;1;1;1;4;2;3;3;4;4;2;1;2;3;3;1;4;3;3;3;3;2;3;4;3;5;1;2;5;3;5;1;1;3;4;4;1;2;5;5;5;3;4;2;4
562;02/07/2024;3;5;0;0;2;4;4;3;1;3;1;3;3;3;3;3;3;2;2;2;3;3;2;2;3;3;3;3;3;3;3;2;2;3;3;2;3;2;2;3;3;3;3;3;3;4;1;1;5;3;3;1;1;5;3;3;1;1;5;5;4;1;5;1;4
563;02/07/2024;2;4;0;0;2;4;4;2;1;3;2;2;1;1;3;3;2;1;2;1;1;2;2;1;4;2;2;2;2;3;1;1;3;3;2;1;3;3;1;3;1;3;4;3;4;5;1;3;5;3;4;1;3;2;3;4;1;3;4;4;3;4;5;3;4
564;02/07/2024;2;5;0;0;2;3;3;2;1;3;1;2;2;2;3;3;1;2;2;1;2;2;1;2;4;1;2;3;2;3;2;2;3;3;3;3;2;3;3;3;4;3;4;5;5;5;1;2;5;5;4;4;5;2;4;4;3;4;3;3;2;4;3;1;4
565;02/07/2024;2;5;0;0;2;4;4;2;1;3;2;3;2;2;2;3;2;2;3;1;1;2;1;1;2;1;4;2;3;2;3;1;3;2;3;1;3;3;2;3;1;3;4;4;1;3;1;3;5;4;2;4;3;3;3;5;1;5;3;3;4;4;3;3;4
566;02/07/2024;2;4;0;0;2;4;4;3;1;3;1;2;3;1;3;3;2;2;2;1;2;1;2;2;4;2;3;3;3;4;1;2;3;3;2;2;4;3;1;3;3;3;4;4;2;5;2;1;5;3;5;1;1;4;1;4;1;1;5;3;5;1;4;3;4
567;02/07/2024;2;5;0;0;2;4;3;3;1;3;1;2;2;2;3;3;2;1;2;1;1;1;1;1;4;3;2;3;2;3;2;3;3;3;2;2;3;3;1;2;3;3;1;3;3;5;1;1;5;3;3;1;1;4;3;4;1;2;5;5;5;2;5;3;4
568;02/07/2024;2;5;0;0;2;2;2;2;1;3;2;1;3;1;3;3;1;1;1;1;1;1;1;3;3;1;3;3;1;2;2;2;2;3;2;2;3;3;3;3;3;3;4;4;4;4;2;2;5;4;5;3;3;2;3;4;1;4;3;3;3;4;3;3;4
569;02/07/2024;2;2;0;0;2;2;2;3;1;3;2;1;2;1;3;1;2;2;2;1;1;1;1;2;3;3;2;2;3;2;3;1;3;3;2;1;2;3;1;2;3;2;5;5;5;4;1;2;5;4;3;3;4;2;2;3;1;1;3;3;3;4;3;3;4
570;02/07/2024;2;5;0;0;2;4;3;2;1;3;2;3;3;3;3;3;2;2;2;3;3;1;1;2;2;2;3;2;3;2;2;2;2;1;3;2;3;2;3;2;3;3;3;3;3;4;1;3;5;3;4;1;3;2;3;2;1;3;5;3;2;2;3;1;4
571;02/07/2024;3;2;0;0;2;2;2;3;1;3;2;3;3;2;3;3;2;2;2;1;2;2;1;1;4;2;3;3;2;3;2;2;3;3;3;1;3;3;3;2;2;2;4;4;3;3;2;2;5;4;4;1;2;3;3;4;1;1;4;4;4;2;4;3;4
572;02/07/2024;3;2;0;0;2;2;2;3;1;3;2;1;2;1;3;2;2;1;1;1;1;1;1;1;4;3;1;1;2;2;1;1;3;1;1;1;2;1;1;1;3;1;5;5;5;4;1;4;5;5;2;3;2;1;5;4;2;3;3;2;1;5;1;5;4
573;02/07/2024;2;5;0;0;2;3;3;2;2;2;2;2;3;3;1;1;1;1;1;1;1;1;1;1;4;4;3;2;3;2;3;1;1;1;3;1;2;1;1;1;1;1;4;5;4;4;1;2;5;4;4;1;4;2;5;5;1;3;4;3;2;4;1;3;4
574;02/07/2024;2;4;0;0;2;4;4;7;1;3;2;2;2;1;1;1;3;1;1;1;1;1;1;1;1;3;2;2;1;2;2;2;2;2;2;2;2;2;1;1;3;3;4;4;4;4;1;3;5;4;4;1;3;1;4;5;1;3;5;3;5;3;3;3;4
575;02/07/2024;2;1;0;0;2;1;1;3;1;3;2;1;3;2;2;3;3;1;1;1;3;2;1;1;4;2;2;2;2;2;3;1;2;3;3;1;3;3;1;2;1;2;4;4;5;2;4;4;2;4;2;4;4;2;4;5;4;4;2;2;2;4;3;3;4
576;02/07/2024;3;2;0;0;2;2;2;3;1;3;2;3;3;2;3;1;1;2;2;1;2;2;1;2;3;2;1;1;3;3;2;2;3;2;1;1;2;2;3;3;4;3;4;4;3;4;4;3;4;4;4;1;3;2;1;1;1;1;5;5;5;1;3;1;4
577;02/07/2024;1;5;3;3;0;3;3;5;4;4;2;3;3;3;2;3;3;3;2;1;3;3;1;2;3;3;3;3;3;2;3;2;2;3;3;2;3;3;3;2;2;3;2;2;3;4;1;2;4;1;4;1;1;3;1;2;1;2;4;4;4;1;4;3;4
578;02/07/2024;2;4;0;0;2;4;3;3;1;1;1;3;2;3;3;4;3;1;3;2;3;3;3;2;3;4;2;3;3;1;3;4;3;3;3;1;3;3;3;3;3;3;3;3;3;4;1;1;5;1;4;3;3;3;1;2;1;1;5;4;4;1;3;3;4
579;02/07/2024;2;3;0;0;2;3;3;3;1;1;1;2;2;2;3;2;2;2;2;2;2;2;2;2;3;3;2;2;2;2;3;2;2;2;2;2;2;3;2;3;2;3;5;4;4;5;1;4;5;5;5;3;3;1;3;4;1;1;5;4;5;5;4;5;4
580;02/07/2024;2;3;0;0;2;3;3;3;1;1;1;1;2;1;1;3;3;1;1;2;1;1;2;1;3;1;2;2;2;1;1;1;3;2;2;2;2;2;1;2;3;2;5;5;5;3;1;1;3;5;5;3;5;1;4;5;1;1;4;4;4;5;4;5;4
581;02/07/2024;2;4;0;0;2;3;3;3;1;1;2;1;1;1;2;2;1;1;1;1;1;1;1;1;4;2;2;2;1;1;1;2;3;1;2;2;2;1;1;2;4;1;5;5;5;3;1;1;3;5;5;3;5;1;4;5;1;1;2;1;4;5;4;5;4
582;02/07/2024;2;4;0;0;2;2;2;2;1;1;1;2;1;2;3;4;3;3;3;1;1;2;2;4;3;3;2;3;3;2;2;2;3;2;3;1;3;3;3;4;1;1;4;4;3;5;1;2;5;3;5;1;3;5;1;5;1;2;5;5;5;1;3;3;4
583;02/07/2024;3;5;0;0;2;3;3;3;1;1;2;1;1;3;3;3;3;3;1;1;3;3;1;2;3;3;1;4;3;2;2;2;3;3;1;1;1;3;3;3;4;3;5;5;5;5;4;4;5;5;5;5;5;2;3;5;1;3;5;4;5;3;4;3;4
584;02/07/2024;2;4;0;0;2;4;4;2;1;1;1;2;3;3;2;3;2;3;3;1;3;3;1;1;2;1;3;3;2;3;3;2;2;3;2;3;3;3;3;3;1;3;4;4;4;5;1;1;5;3;5;1;1;3;1;4;1;1;5;5;5;3;3;1;4
585;02/07/2024;1;4;1;1;0;4;2;2;4;1;2;3;3;3;3;4;1;1;3;3;3;3;3;1;3;4;4;4;3;3;1;3;2;3;2;1;2;3;1;2;2;2;3;3;4;5;1;2;5;3;5;3;4;3;4;3;1;2;5;5;3;4;4;2;4
586;02/07/2024;1;5;1;1;0;3;3;1;4;4;2;3;3;3;3;3;3;3;3;2;3;3;2;3;3;3;3;3;3;3;2;2;2;3;2;3;3;3;3;3;3;3;3;3;2;3;2;3;4;3;4;2;2;4;2;2;2;3;4;4;5;3;3;3;4
587;02/07/2024;1;5;1;2;0;1;1;4;4;4;2;2;3;3;3;3;3;2;3;2;3;2;2;2;3;1;3;2;2;2;2;2;2;2;3;2;2;3;2;2;2;2;4;4;4;3;1;1;5;2;5;1;3;2;3;3;1;1;5;5;4;2;4;1;4
588;02/07/2024;2;4;0;0;2;4;4;1;1;1;2;3;3;3;3;3;3;3;3;2;3;3;2;2;3;2;2;3;2;3;3;2;3;3;3;3;3;3;3;3;2;2;3;4;3;3;1;1;5;4;5;1;1;5;1;3;5;3;5;3;3;3;5;5;4
589;02/07/2024;3;4;0;0;2;3;3;3;1;1;2;1;2;2;3;3;2;3;1;1;3;2;1;2;2;1;1;3;1;2;3;1;1;3;2;1;2;3;3;1;3;3;4;3;2;2;1;1;4;3;4;1;1;2;2;3;1;2;4;2;2;2;3;5;4
590;02/07/2024;3;1;0;0;2;1;1;3;1;1;2;1;2;3;3;3;3;3;2;1;3;3;2;3;4;3;2;4;4;2;3;3;3;3;2;3;3;3;2;3;3;3;3;4;3;2;1;3;5;2;3;2;4;2;2;3;1;3;4;3;4;2;2;3;4
591;02/07/2024;3;2;0;0;2;2;1;3;1;1;2;1;2;2;2;3;2;2;1;1;2;2;1;1;3;3;3;2;2;3;1;1;2;3;2;1;3;2;3;3;1;1;5;5;5;4;3;3;4;5;1;3;3;1;3;4;1;3;4;2;2;4;2;5;4
592;02/07/2024;2;3;0;0;1;3;3;1;1;1;2;2;2;3;3;3;3;3;2;2;3;2;2;3;2;2;1;3;3;3;2;2;3;3;2;2;3;3;3;3;2;3;4;4;3;4;1;2;5;3;4;1;1;2;2;4;1;2;4;5;5;3;5;1;4
593;02/07/2024;2;4;0;0;1;4;3;4;4;4;2;3;3;3;3;3;3;2;2;1;3;2;1;4;4;1;4;4;3;2;3;1;1;3;2;3;4;4;1;3;2;3;4;4;4;3;1;1;3;3;4;3;3;3;3;3;1;1;4;3;4;4;3;4;4
594;02/07/2024;1;5;1;3;0;4;4;2;2;1;1;3;3;3;3;3;2;3;1;2;2;1;1;3;2;2;2;3;3;3;3;1;1;2;2;2;2;3;4;3;3;3;5;5;4;5;1;1;5;5;5;3;3;2;3;5;1;5;5;4;5;5;4;3;4
595;02/07/2024;2;5;0;0;2;2;4;2;1;1;2;2;3;3;2;3;3;1;1;1;3;3;1;1;1;1;1;1;3;3;3;3;3;1;1;3;3;2;3;3;3;1;3;3;3;5;1;1;4;3;5;1;1;3;3;3;1;3;5;3;3;1;5;1;4
596;02/07/2024;3;3;0;0;2;3;3;5;4;4;2;3;3;3;2;2;3;3;3;3;3;2;3;3;3;3;3;2;3;2;2;2;3;3;3;2;3;3;3;2;2;3;3;3;2;4;1;1;4;2;4;1;1;3;2;2;1;2;5;5;4;1;5;3;4
597;02/07/2024;2;5;0;0;2;4;4;2;1;3;2;1;2;2;2;2;3;2;1;1;3;2;2;2;3;2;2;2;2;2;2;2;3;2;2;2;2;2;2;2;3;1;4;3;4;4;3;3;5;3;3;3;3;2;3;3;4;3;4;3;4;3;3;3;4
598;02/07/2024;2;5;0;0;2;2;2;2;1;1;1;1;2;2;1;3;1;1;2;1;3;2;1;3;4;4;3;2;1;1;2;3;2;1;2;1;3;2;3;2;2;3;3;3;2;5;3;1;4;3;4;4;2;4;3;5;1;2;3;4;3;3;4;5;4
599;02/07/2024;3;2;0;0;2;2;2;3;1;1;2;3;2;2;3;3;3;2;2;1;2;2;2;2;3;3;3;3;3;2;2;1;3;2;2;2;3;3;3;3;3;3;4;4;4;5;2;1;4;3;2;2;4;2;3;3;1;2;5;3;2;3;2;5;4
600;02/07/2024;1;1;1;2;0;1;1;4;4;4;2;3;3;3;3;3;2;2;3;2;3;3;3;2;3;2;3;4;2;3;3;2;3;3;3;1;3;3;3;3;3;1;1;5;3;3;1;4;4;3;3;3;3;2;3;3;1;5;4;3;2;1;3;1;4
601;02/07/2024;1;5;1;2;0;1;4;4;4;4;2;4;4;4;4;4;4;4;4;4;4;4;4;4;4;4;4;4;4;4;4;4;4;4;4;4;4;4;4;4;4;4;3;3;2;3;1;1;5;1;5;2;2;3;1;1;1;1;5;5;5;1;5;1;4
602;02/07/2024;3;2;0;0;2;1;1;1;1;1;2;3;3;3;3;3;3;2;3;2;3;3;2;3;3;3;3;3;3;3;3;3;3;3;3;3;3;3;2;3;2;3;3;3;5;5;1;2;5;3;5;3;2;3;1;3;5;3;4;4;5;2;3;1;4
603;02/07/2024;1;4;1;3;0;4;1;2;2;1;2;2;4;3;2;1;1;1;2;2;2;2;2;3;3;4;4;2;2;3;4;1;3;1;3;1;3;2;4;3;3;4;4;4;3;5;1;1;5;4;5;1;1;3;4;3;1;2;5;4;5;3;3;3;4
604;02/07/2024;2;3;0;0;2;2;2;6;4;2;2;3;3;2;3;3;3;1;2;2;1;1;2;2;2;2;3;2;2;1;2;2;3;3;3;3;3;2;2;3;3;2;3;3;2;4;1;1;5;2;5;1;1;5;3;3;1;3;5;5;5;3;5;1;4
605;02/07/2024;2;4;0;0;2;4;4;7;1;1;2;2;3;1;3;2;3;2;1;1;1;1;2;1;3;3;2;2;3;1;1;2;2;3;3;2;3;3;1;3;1;4;5;5;4;5;1;1;5;4;5;1;2;2;3;3;5;1;5;5;5;3;5;1;4
606;02/07/2024;2;4;0;0;2;4;4;3;1;1;2;1;3;3;3;3;3;2;3;1;3;3;1;2;2;3;2;3;2;3;3;2;3;3;2;2;3;3;2;3;2;3;4;5;2;4;1;2;3;3;5;3;3;3;3;4;1;3;4;4;3;3;4;5;4
607;02/07/2024;1;5;1;3;0;4;4;5;4;4;2;3;3;3;2;3;3;2;2;2;3;3;2;3;4;3;3;2;3;3;3;2;3;2;3;2;3;2;2;3;3;3;3;4;3;3;2;2;5;3;4;2;4;4;2;2;1;2;4;4;4;2;4;1;4
608;02/07/2024;1;5;1;1;0;4;2;2;4;4;2;2;3;3;2;2;3;2;2;2;2;3;1;2;3;3;3;2;2;2;3;2;2;3;2;2;2;3;3;2;2;2;3;3;2;5;1;1;5;2;5;1;2;5;3;3;1;2;5;5;5;1;5;1;4
609;02/07/2024;2;4;0;0;2;4;4;7;1;1;2;3;3;3;3;3;3;1;3;2;3;3;2;1;3;2;3;3;3;2;2;3;3;3;2;2;1;2;1;1;2;2;3;3;3;4;1;1;5;3;5;1;1;3;3;3;1;1;5;3;4;2;5;3;4
610;02/07/2024;3;2;0;0;1;2;2;3;4;4;2;1;2;2;3;3;3;3;1;1;3;2;1;3;3;3;2;3;2;3;2;1;2;2;2;1;3;2;3;3;2;3;4;5;4;3;4;5;4;4;3;5;5;3;3;3;2;4;3;3;4;4;4;4;4
611;02/07/2024;3;2;0;0;2;1;1;2;1;1;1;3;3;4;3;3;3;4;3;3;3;3;3;3;3;3;3;3;3;3;3;3;3;3;3;3;3;3;3;3;3;3;3;3;3;4;1;2;4;2;4;2;1;3;2;3;1;2;4;4;4;2;4;1;4
612;02/07/2024;2;4;0;0;2;4;4;2;1;1;2;2;2;2;3;3;2;1;2;1;3;2;1;2;3;2;2;3;2;3;3;1;3;2;2;1;2;2;1;3;2;2;4;4;3;3;1;1;5;3;3;1;1;3;3;3;1;3;3;3;3;3;3;3;4
613;02/07/2024;2;3;0;0;2;1;1;2;1;1;2;1;3;3;1;2;2;3;1;1;3;3;1;2;1;2;2;2;2;3;2;1;1;1;2;1;2;2;3;3;2;1;3;3;2;5;1;1;5;2;5;1;1;3;3;3;1;2;5;5;3;2;3;3;4
614;02/07/2024;2;2;0;0;2;1;1;2;1;1;1;2;3;3;3;3;2;2;2;1;3;3;1;2;3;3;2;3;3;3;3;2;3;3;3;1;3;2;3;4;2;4;5;5;5;4;1;1;5;3;5;1;1;1;2;3;1;2;4;3;4;3;4;1;4
615;02/07/2024;2;3;0;0;2;2;2;3;1;1;1;1;1;2;2;3;3;2;2;1;2;3;1;2;1;2;3;2;3;3;2;1;2;2;2;1;1;2;2;2;2;1;5;5;5;2;4;3;2;5;1;5;5;1;5;5;5;5;3;1;2;5;1;2;4
616;02/07/2024;2;4;0;0;2;4;4;2;1;1;2;2;2;2;3;3;2;2;2;2;2;2;2;2;2;2;2;3;2;2;2;2;2;2;2;1;2;2;2;3;2;2;5;5;5;5;1;2;5;5;4;3;3;3;4;4;1;3;3;3;5;4;3;1;4
617;02/07/2024;3;3;0;0;2;3;3;3;1;1;2;1;3;1;3;3;1;1;1;1;1;1;1;1;4;1;3;3;3;2;1;1;3;1;3;1;2;1;1;2;4;2;5;5;4;4;1;1;5;5;4;5;5;2;3;5;1;1;3;3;5;4;4;3;4
618;02/07/2024;2;3;0;0;2;3;3;2;1;1;2;1;1;1;1;3;1;1;1;1;1;1;1;1;3;3;2;3;2;2;1;1;3;3;3;1;2;3;3;3;3;3;5;5;5;3;1;2;4;5;3;3;3;2;3;5;1;2;3;3;3;4;2;2;4
619;02/07/2024;1;5;1;3;0;2;1;3;2;1;2;1;3;2;2;1;1;2;2;2;2;2;2;2;4;1;3;1;2;4;3;2;2;3;3;2;3;3;2;3;3;4;4;5;4;4;2;1;3;4;3;2;4;3;3;4;1;1;4;2;2;3;3;1;4
620;02/07/2024;2;5;0;0;2;4;4;2;1;1;1;1;3;2;3;3;1;1;1;1;3;3;1;3;3;1;3;3;3;3;3;1;3;2;3;1;3;1;3;3;1;1;5;5;5;4;1;1;5;4;5;1;1;3;3;5;5;3;5;5;5;3;3;5;4
621;02/07/2024;2;5;0;0;2;4;4;2;1;1;2;3;3;4;3;4;3;4;3;3;4;3;3;1;3;3;3;3;3;3;4;3;3;3;3;3;3;3;3;3;3;3;3;5;3;3;3;3;3;3;3;3;3;3;3;5;1;3;4;3;4;3;3;3;4
622;02/07/2024;2;3;0;0;2;1;1;2;1;1;1;3;3;3;2;3;3;2;3;2;3;3;2;2;3;2;3;3;3;2;2;3;3;3;3;3;2;3;3;2;2;3;1;1;2;4;1;1;5;1;4;1;1;4;2;2;1;1;3;4;5;2;4;1;4
623;02/07/2024;1;4;1;3;0;3;3;2;2;2;2;2;3;4;3;3;2;4;1;1;3;3;1;1;4;1;3;2;4;3;4;1;2;2;3;3;1;1;4;4;1;4;4;4;4;3;1;3;5;4;1;1;1;1;3;4;1;4;5;2;4;5;4;1;4
624;02/07/2024;1;4;1;3;0;4;1;3;2;2;2;2;2;3;3;3;1;2;2;1;3;3;1;2;4;4;2;3;3;3;3;2;4;3;3;1;2;3;2;3;1;4;4;4;3;5;2;1;4;3;4;2;2;3;4;4;2;3;4;3;4;3;4;5;4
625;02/07/2024;2;5;0;0;2;3;3;3;1;1;2;1;2;1;2;3;2;2;2;1;1;2;2;3;2;2;2;2;2;2;2;2;2;2;2;3;3;2;3;3;3;3;4;4;2;5;1;1;5;3;5;1;3;4;1;3;1;2;4;5;5;1;5;3;4
626;02/07/2024;2;5;0;0;2;3;3;5;4;1;1;3;3;3;3;3;3;3;3;2;3;3;2;3;3;2;3;3;3;3;3;3;3;3;3;3;3;3;3;2;3;3;3;3;3;4;1;1;4;3;5;2;1;4;2;3;2;2;4;4;4;4;4;2;4
627;02/07/2024;2;5;0;0;2;4;4;1;1;2;2;2;3;2;2;3;3;2;2;2;3;2;2;2;3;2;2;2;2;2;3;3;3;2;3;1;3;2;3;3;2;3;3;3;2;3;2;2;3;3;1;2;3;3;3;3;1;3;3;3;3;3;3;1;4
628;02/07/2024;2;3;0;0;2;3;3;1;2;1;2;1;2;2;2;3;3;2;2;2;3;3;2;2;3;3;2;3;3;3;3;2;3;3;2;2;2;3;2;2;2;2;3;3;3;5;1;3;4;2;5;3;3;3;3;1;4;1;4;4;4;2;4;1;4
629;02/07/2024;2;4;0;0;2;4;2;3;1;1;2;3;3;3;3;3;3;2;3;3;3;3;3;3;3;2;3;3;3;3;2;2;2;2;3;2;3;3;1;3;2;3;3;3;2;5;1;3;5;2;5;1;3;4;1;3;5;3;5;5;5;3;5;1;4
630;02/07/2024;1;4;1;3;0;1;1;3;2;1;2;2;2;3;3;3;3;3;2;1;3;3;2;3;3;3;2;3;2;2;3;3;3;3;2;1;3;3;3;3;2;4;3;3;3;5;1;2;5;2;3;1;1;3;1;3;1;1;5;3;5;2;5;1;4
631;02/07/2024;2;5;0;0;2;1;1;2;1;2;1;3;3;4;3;3;3;4;3;3;3;2;3;3;3;2;3;3;3;3;3;3;3;2;3;3;3;3;3;3;3;2;2;2;1;4;1;1;5;1;4;3;2;4;1;3;1;1;5;4;4;1;4;1;4
632;02/07/2024;2;5;0;0;2;4;3;2;1;1;1;3;3;3;2;3;3;1;2;3;3;3;3;2;3;2;3;2;2;3;3;2;3;3;3;3;2;2;2;2;3;2;3;3;3;5;1;1;3;3;4;1;1;3;1;1;1;1;5;5;5;5;4;1;4
633;02/07/2024;1;3;1;3;0;3;3;3;2;2;2;3;3;3;2;2;2;3;2;3;3;3;3;3;3;2;3;2;3;3;2;3;3;3;3;1;2;3;2;3;3;3;3;3;3;5;1;1;5;3;5;2;2;3;3;3;1;3;5;5;3;3;5;1;4
634;02/07/2024;1;5;1;2;0;1;1;3;4;4;2;1;2;2;2;2;2;1;1;1;1;2;1;1;4;1;3;1;1;4;2;1;2;3;3;1;2;3;1;2;2;3;4;5;5;3;1;3;4;3;2;3;4;2;3;4;2;2;4;2;2;3;3;3;4
635;02/07/2024;1;3;1;1;0;3;1;4;1;1;2;3;3;4;3;4;3;3;3;3;4;4;3;3;3;3;3;3;3;3;3;3;3;3;3;2;3;3;3;3;3;3;2;2;2;5;1;1;5;2;4;4;5;4;2;2;1;5;5;5;5;1;5;2;4
636;02/07/2024;1;2;1;3;0;2;2;3;1;3;2;3;3;3;2;3;2;3;2;2;3;3;2;2;3;3;3;2;2;2;3;2;2;2;3;2;3;2;2;3;2;3;1;3;2;5;1;1;5;1;4;2;2;5;1;2;1;1;5;4;4;1;5;1;4
637;02/07/2024;1;4;1;3;0;2;2;3;1;3;1;3;2;1;2;1;1;1;1;1;3;3;1;1;2;3;2;2;2;1;2;1;2;1;2;1;2;3;1;3;2;3;4;4;4;4;1;3;5;4;3;4;5;2;3;3;3;3;4;3;2;4;4;4;4
638;02/07/2024;2;5;0;0;2;4;4;2;1;3;2;2;2;2;3;2;2;1;2;2;3;3;2;1;3;2;3;1;3;2;2;1;2;3;2;2;2;2;2;2;2;2;3;3;2;4;1;1;5;2;5;1;1;4;2;2;1;1;5;3;2;2;5;2;4
639;02/07/2024;1;5;1;3;0;4;4;3;1;3;2;2;3;2;2;3;2;2;3;1;3;2;1;3;3;3;2;3;3;3;3;2;3;2;2;2;3;2;2;3;2;3;2;3;1;5;1;1;5;2;3;2;1;5;3;2;1;1;5;5;5;1;5;1;4
640;03/07/2024;2;2;0;0;2;3;3;3;1;3;1;1;3;1;1;2;3;1;1;1;3;3;1;1;3;3;3;2;2;1;1;1;3;2;1;1;1;3;1;1;4;1;4;4;3;4;1;1;5;3;5;1;1;4;3;3;5;2;5;4;4;1;5;1;4
641;03/07/2024;2;5;0;0;2;4;4;2;1;3;1;3;3;3;3;1;1;1;3;2;3;3;3;3;3;1;3;2;3;3;3;3;3;3;3;2;3;3;3;3;3;3;4;3;3;4;1;1;4;2;4;1;1;3;3;2;1;2;4;4;4;2;3;3;4
642;03/07/2024;2;4;0;0;2;4;4;7;1;3;1;3;3;3;2;2;2;2;2;1;2;1;1;3;4;2;3;2;2;3;3;2;2;2;4;1;3;2;2;2;3;2;4;4;4;5;2;2;5;4;3;3;4;3;3;3;4;3;5;2;2;3;5;5;4
643;03/07/2024;2;5;0;0;2;4;4;2;1;3;1;2;3;2;2;3;2;2;2;1;2;2;1;2;3;2;3;2;2;3;2;1;2;2;3;2;3;2;2;3;2;2;4;4;4;4;1;3;4;3;3;2;3;3;4;4;1;3;4;2;3;3;3;4;4
644;03/07/2024;2;4;0;0;2;4;4;2;1;3;1;2;1;1;1;1;1;1;2;1;1;1;1;1;3;1;2;1;1;1;2;1;1;1;1;2;1;2;2;3;3;2;4;5;3;3;1;1;5;4;2;4;4;2;3;4;5;3;3;4;3;2;3;2;4
645;03/07/2024;1;4;1;3;0;3;3;2;1;3;1;3;2;2;2;1;2;1;2;3;2;2;2;1;4;2;3;2;3;2;1;1;2;1;2;1;2;2;3;2;2;3;3;3;3;3;1;1;5;3;4;1;3;2;2;5;1;2;3;2;2;3;5;1;4
646;03/07/2024;2;2;0;0;2;2;2;7;1;3;1;2;3;2;3;2;2;2;2;1;3;2;1;1;4;3;3;2;3;3;2;2;2;4;3;3;4;3;3;3;3;4;3;2;4;3;1;2;4;1;4;4;2;4;3;3;1;1;4;4;5;1;4;1;4
647;03/07/2024;2;3;0;0;2;2;2;2;1;3;2;2;3;2;2;2;2;2;2;2;3;3;2;2;3;2;2;2;1;3;2;1;3;2;2;1;1;2;3;2;2;3;3;3;4;4;1;3;5;3;5;1;1;2;3;3;1;3;5;4;3;2;4;2;4
648;03/07/2024;2;4;0;0;2;3;3;3;1;3;1;1;3;1;1;3;1;1;2;1;1;1;1;1;1;3;2;1;1;3;1;1;1;2;1;1;1;1;1;1;3;3;5;5;5;4;3;4;5;5;5;3;2;3;5;5;1;5;5;3;3;5;1;5;4
649;03/07/2024;2;4;0;0;2;4;3;2;1;3;1;3;3;3;2;3;2;1;2;1;3;3;1;2;3;3;3;2;2;3;2;2;2;2;2;1;2;2;2;2;1;2;4;4;4;4;3;3;3;4;3;4;4;2;3;4;2;3;4;3;3;4;4;2;4
650;03/07/2024;1;1;4;3;0;1;1;2;1;3;1;3;3;3;3;3;3;3;3;3;3;3;3;3;3;2;3;3;3;3;3;3;3;3;3;3;3;3;3;3;3;3;1;2;1;5;1;1;1;1;5;1;5;3;1;1;1;1;4;4;4;4;4;1;4
651;03/07/2024;1;4;1;3;0;3;3;2;2;1;2;1;3;1;2;2;2;1;1;1;2;1;1;1;3;1;3;2;1;3;1;1;2;1;2;1;3;2;1;1;1;1;5;5;4;3;3;3;4;5;2;4;4;1;4;5;3;2;1;1;2;4;2;3;4
652;03/07/2024;2;5;0;0;1;4;4;4;1;3;2;2;1;2;3;2;2;1;2;1;3;2;1;2;2;2;2;2;2;2;2;2;2;2;2;2;2;2;2;2;2;2;3;3;2;2;1;2;5;2;1;1;5;5;2;5;1;2;5;5;5;1;5;1;4
653;03/07/2024;2;4;0;0;2;4;4;2;1;1;2;1;1;1;1;1;1;1;1;1;1;1;1;1;1;1;1;1;1;1;1;1;1;1;1;1;1;1;1;1;3;1;5;5;5;4;1;5;5;5;2;5;5;1;5;5;4;4;5;1;5;5;1;1;4
654;03/07/2024;2;4;0;0;2;1;1;2;1;1;2;2;1;1;1;1;1;1;1;1;1;1;1;1;1;1;1;1;1;1;1;1;1;1;1;1;1;1;1;1;1;1;4;4;4;4;1;4;4;4;5;3;2;1;3;4;1;3;3;2;1;5;2;1;4
655;03/07/2024;1;5;1;1;0;4;4;2;4;4;2;2;4;3;2;2;2;2;2;2;2;2;2;2;3;3;3;2;2;2;2;2;2;3;3;2;2;3;3;3;2;3;5;5;4;3;1;3;5;5;3;3;3;2;3;4;1;3;4;3;3;4;4;2;4
656;03/07/2024;2;4;0;0;2;1;1;3;1;1;2;3;2;3;1;1;1;1;1;1;3;2;1;1;4;2;2;2;2;2;3;1;3;2;2;1;1;2;3;1;1;1;4;4;5;4;3;3;4;5;3;3;3;2;4;4;1;3;4;3;4;4;3;4;4
657;03/07/2024;3;4;0;0;2;1;1;3;1;1;1;3;3;3;3;3;3;3;3;2;3;3;2;3;3;2;2;3;3;3;3;2;3;3;3;2;3;3;3;3;2;2;3;4;4;5;1;2;5;3;5;1;2;3;2;3;1;2;4;4;4;2;4;1;4
658;03/07/2024;2;3;0;0;2;3;3;2;1;1;2;1;3;2;1;3;2;1;2;1;4;4;1;3;3;3;3;3;3;4;4;1;3;4;3;2;3;3;1;3;1;3;4;4;4;5;3;2;5;4;5;1;4;3;3;5;1;3;4;3;5;3;4;1;4
659;03/07/2024;3;2;0;0;2;1;1;5;4;1;2;3;3;3;3;3;3;3;3;3;4;4;4;4;3;3;3;3;3;3;3;3;3;3;3;3;3;3;3;3;2;3;1;1;1;5;1;1;5;1;5;2;2;4;1;1;1;1;5;4;4;1;5;1;4
660;03/07/2024;2;5;0;0;2;4;4;3;1;1;2;2;2;2;2;2;3;2;2;2;3;2;2;1;3;3;3;2;3;2;3;1;2;3;3;1;2;3;3;3;3;3;3;3;3;3;1;3;5;3;4;3;3;2;3;3;1;3;3;3;3;2;3;1;4
661;03/07/2024;2;4;0;0;2;3;3;3;1;1;2;1;1;1;2;2;1;1;1;1;1;1;1;1;4;2;2;2;1;1;1;2;3;1;2;2;2;1;1;2;4;1;5;5;5;3;1;1;3;5;5;3;5;1;4;5;1;1;2;1;4;5;4;5;4
662;03/07/2024;2;4;0;0;2;4;4;7;1;1;1;4;2;1;1;2;2;2;2;2;2;2;2;2;2;2;2;2;2;2;2;2;2;2;2;2;2;2;2;2;2;2;4;4;4;2;2;3;5;3;3;3;3;2;3;3;2;3;2;2;4;3;4;3;4
663;03/07/2024;3;2;0;0;2;2;2;3;1;4;2;2;1;1;1;1;1;1;1;1;1;1;1;1;1;1;1;1;1;1;1;1;1;1;1;1;1;1;1;1;1;1;1;1;1;1;1;1;1;1;1;1;1;1;1;1;1;1;1;1;1;1;1;1;4
664;03/07/2024;2;2;0;0;2;2;2;7;1;1;1;3;3;3;2;3;2;2;2;2;1;1;2;1;4;1;2;2;1;1;1;1;3;1;1;1;1;2;2;4;4;4;4;5;5;5;1;1;4;5;5;1;1;1;3;5;1;1;5;4;4;3;4;4;4
665;03/07/2024;1;4;1;3;0;1;1;7;2;1;2;3;3;3;3;3;3;3;3;3;3;3;3;3;4;3;3;3;3;3;2;3;3;3;3;3;3;3;3;3;3;3;3;3;2;4;1;1;5;1;5;1;1;4;1;1;1;1;5;5;5;1;4;2;4
666;03/07/2024;3;1;0;0;2;1;1;7;1;1;2;2;2;2;2;1;3;3;2;2;2;3;2;2;3;3;2;3;3;3;2;2;3;2;2;2;2;3;2;2;2;3;3;4;3;4;1;3;5;3;4;1;2;3;3;3;1;3;4;4;4;1;5;1;4
667;03/07/2024;2;4;0;0;2;4;4;7;1;1;1;1;2;1;1;1;2;1;2;1;2;1;1;1;1;4;2;2;2;1;1;1;2;2;1;1;3;3;1;1;2;2;4;5;4;3;1;2;3;5;5;1;1;3;4;5;1;1;2;3;5;5;3;4;4
668;03/07/2024;1;4;1;3;0;3;3;2;2;1;2;1;2;2;1;1;1;1;1;1;1;1;1;1;1;1;3;1;1;2;1;1;1;1;3;1;2;1;2;1;1;2;5;5;5;5;2;3;3;5;3;3;2;1;5;5;4;3;3;3;3;5;3;4;4
669;03/07/2024;2;3;0;0;1;2;2;4;4;1;2;2;3;2;3;2;2;1;2;2;2;2;1;1;3;1;2;2;2;3;2;1;3;3;2;1;2;2;1;2;1;3;4;4;5;1;1;4;3;5;1;5;5;2;4;4;2;5;2;2;2;5;2;2;4
670;03/07/2024;2;5;0;0;2;4;4;2;1;1;2;2;3;2;2;2;2;2;2;2;3;3;2;2;2;2;3;1;1;3;2;1;2;2;2;1;3;2;1;2;2;2;3;3;2;3;1;3;5;2;5;2;1;3;1;3;1;3;3;3;5;3;3;3;4
671;03/07/2024;2;5;0;0;2;4;4;2;1;3;2;4;4;2;3;3;2;2;2;3;2;2;2;2;3;2;3;3;2;2;2;3;2;3;3;2;2;3;2;2;2;3;3;3;3;3;1;3;4;3;4;3;3;3;4;4;1;2;5;5;5;3;5;3;4
672;03/07/2024;1;3;1;1;0;1;1;3;4;1;1;3;3;3;3;4;3;4;3;2;4;4;3;4;3;3;3;2;3;3;3;3;3;3;3;3;3;3;3;3;2;3;1;1;1;5;1;1;5;1;4;1;1;4;1;1;1;1;4;4;4;1;5;1;4
673;03/07/2024;2;5;0;0;2;3;3;3;1;1;2;1;2;3;3;2;3;1;1;1;1;1;1;1;3;2;2;2;2;2;1;1;2;3;1;1;2;2;2;3;2;2;5;5;5;5;1;3;5;5;3;1;1;3;4;5;5;3;4;4;5;4;3;3;4
674;03/07/2024;2;2;0;0;2;3;3;6;4;4;2;3;3;2;3;2;2;2;2;2;3;3;2;3;3;2;2;2;2;2;3;2;3;3;2;2;3;2;3;3;3;2;4;5;4;5;1;3;5;4;4;5;5;4;4;5;2;2;4;4;5;3;3;4;4
675;03/07/2024;3;1;0;0;2;2;1;6;4;1;2;3;2;3;3;3;3;3;3;3;3;3;1;2;4;3;3;3;3;3;3;3;3;3;1;3;3;3;3;3;3;3;4;4;4;3;2;4;5;4;4;3;4;2;3;4;2;4;4;3;3;3;4;3;4
676;03/07/2024;1;2;1;3;0;2;1;5;4;1;2;2;3;3;2;2;4;3;3;2;3;3;2;3;4;4;3;2;4;4;3;3;2;4;3;3;4;4;3;2;2;3;3;3;2;2;3;2;4;2;4;2;1;3;3;3;1;3;4;2;4;2;3;5;4
677;03/07/2024;1;5;1;1;0;2;2;6;4;4;2;2;3;3;2;4;3;3;2;2;4;3;2;3;3;4;3;3;2;2;3;3;2;4;3;3;3;3;3;2;2;2;2;2;1;4;1;1;5;2;5;1;1;3;2;3;1;1;5;4;5;1;4;1;4
678;03/07/2024;2;3;0;0;2;4;4;1;2;1;2;2;4;1;1;1;1;1;4;4;1;1;4;1;3;3;4;1;4;1;1;1;1;3;4;1;1;4;1;3;2;3;3;2;1;5;1;1;5;2;5;1;1;4;2;1;1;1;5;5;5;1;5;1;4
679;03/07/2024;2;1;0;0;2;1;1;3;4;4;2;2;3;4;3;4;3;3;3;1;4;4;1;3;4;2;3;4;3;3;4;1;3;3;2;1;3;2;3;3;1;1;3;4;4;5;1;2;5;3;5;1;1;3;1;1;1;1;5;5;5;1;5;1;4
680;03/07/2024;3;1;0;0;2;1;1;6;4;1;2;3;1;2;2;3;3;3;2;2;3;3;3;2;2;3;2;2;3;3;2;3;3;3;2;3;3;3;2;2;3;2;3;3;3;5;1;5;5;3;3;3;3;1;3;4;1;3;5;3;5;3;2;3;4
681;03/07/2024;3;4;0;0;2;4;4;6;4;1;2;2;1;2;2;3;3;2;2;1;1;1;2;1;3;2;1;2;2;1;1;2;2;3;1;1;1;3;1;3;2;3;4;3;4;4;1;3;5;4;5;2;3;2;3;3;1;3;4;3;3;4;4;5;4
682;03/07/2024;2;2;0;0;2;1;1;6;4;1;1;3;3;3;3;3;3;3;3;3;3;3;3;3;3;3;3;3;3;3;3;3;3;3;3;3;3;3;3;3;3;3;2;3;1;5;1;1;5;1;5;1;3;4;1;2;1;1;5;5;5;1;3;1;4
683;03/07/2024;2;4;0;0;2;2;2;3;1;1;1;1;1;1;2;1;1;1;1;1;1;1;1;1;3;1;1;1;2;1;1;1;1;2;1;1;1;2;1;3;3;2;5;5;5;5;1;3;3;5;4;1;3;1;5;5;1;3;4;3;4;5;3;3;4
684;03/07/2024;3;1;0;0;2;1;1;6;4;1;2;3;3;3;3;3;3;4;3;4;4;4;4;4;4;4;4;4;4;4;4;4;4;4;4;3;2;4;4;4;2;3;1;3;1;5;1;1;5;1;4;1;1;4;1;1;5;1;5;5;5;1;5;1;4
685;03/07/2024;2;5;0;0;2;4;4;2;1;2;2;3;3;3;2;3;2;3;3;3;2;2;3;3;3;3;3;2;3;3;2;2;3;2;3;2;2;2;3;3;2;2;1;1;2;4;1;2;4;1;4;1;1;3;1;1;1;1;4;3;3;1;3;3;4
686;03/07/2024;3;1;0;0;2;1;1;6;4;4;2;3;3;3;3;3;3;3;2;3;3;3;3;3;3;3;3;2;3;3;2;3;2;2;3;3;3;3;2;3;2;2;3;4;3;3;1;1;4;2;4;1;1;2;3;2;1;2;4;2;3;1;4;1;4
687;03/07/2024;3;1;0;0;2;1;1;6;4;4;2;4;3;4;3;2;3;3;3;3;2;2;3;3;3;3;2;2;2;3;3;1;2;3;2;2;3;3;3;2;3;3;4;5;4;3;3;4;4;4;5;3;3;2;3;3;2;1;5;3;3;3;4;1;4
688;03/07/2024;2;4;0;0;2;4;4;3;1;3;2;1;3;1;3;1;1;1;2;1;2;2;1;1;3;2;3;3;2;1;3;2;3;3;2;2;3;3;2;3;3;3;5;5;5;4;1;3;3;5;3;3;1;3;5;5;1;1;4;3;5;4;5;1;4
689;03/07/2024;3;3;0;0;2;3;3;3;1;3;2;1;1;1;1;2;1;1;1;1;1;1;1;1;1;1;1;1;1;1;1;1;1;1;1;1;1;1;1;1;1;1;5;5;5;2;1;5;3;5;1;3;5;1;5;5;1;5;1;3;2;5;1;5;4
690;03/07/2024;3;1;0;0;2;1;1;3;1;3;2;3;3;3;3;3;3;3;3;3;2;3;3;3;3;3;3;3;3;3;3;3;3;3;3;3;3;3;3;3;3;3;2;1;2;5;1;5;5;2;5;2;3;4;1;1;1;1;5;5;4;1;5;1;4
691;03/07/2024;1;4;1;3;0;4;4;2;2;1;2;3;3;3;3;3;3;3;3;3;3;3;2;3;3;3;3;3;3;3;2;2;3;3;2;3;3;3;4;4;4;4;2;3;2;5;1;1;5;1;5;1;1;4;1;2;1;2;5;5;5;1;5;1;4
692;04/07/2024;1;5;1;3;0;2;2;2;1;3;2;2;3;3;2;2;2;3;2;2;3;3;2;2;3;3;3;2;3;2;3;3;3;3;3;2;3;3;3;3;3;3;3;2;1;5;1;1;5;1;5;1;1;4;3;2;1;1;5;4;4;1;5;2;4
693;04/07/2024;2;2;0;0;2;1;1;2;1;1;1;2;3;3;3;3;2;2;2;1;3;3;1;2;3;3;2;3;3;3;3;2;3;3;3;1;3;2;3;4;2;4;5;5;5;4;1;1;5;3;5;1;1;1;2;3;1;2;4;3;4;3;4;1;4
694;04/07/2024;2;4;0;0;2;4;4;2;1;3;1;2;3;2;2;2;2;1;2;1;1;1;1;1;4;1;3;2;1;3;2;1;1;2;2;1;2;2;2;2;2;2;3;3;2;4;1;1;4;3;4;1;5;3;3;3;1;2;5;5;5;2;4;3;4
695;04/07/2024;2;4;0;0;2;2;2;2;1;3;1;3;3;3;2;3;3;2;3;3;3;3;3;2;2;2;3;2;3;3;3;3;3;3;3;3;2;3;3;3;3;3;3;3;3;5;1;3;5;2;5;2;1;5;1;3;1;1;5;5;1;2;5;3;4
696;04/07/2024;2;3;0;0;2;3;3;2;1;3;2;2;3;3;2;3;2;3;2;2;3;3;2;2;3;3;3;3;2;3;2;2;2;3;2;1;3;3;3;2;4;3;4;3;4;3;1;3;5;4;3;3;5;1;4;3;2;3;4;3;3;4;3;4;4
697;04/07/2024;2;4;0;0;2;3;3;2;1;3;1;3;3;3;2;3;2;3;3;3;3;3;2;1;3;2;2;3;2;3;2;2;3;3;3;3;3;3;2;3;3;3;3;3;1;5;1;2;5;1;5;1;1;2;2;1;1;3;5;5;5;3;3;1;4
698;04/07/2024;1;3;1;3;0;3;3;5;4;4;2;2;3;3;3;2;2;2;2;2;3;2;2;3;3;2;2;3;3;3;2;3;2;2;3;2;3;2;3;2;2;2;3;4;3;3;2;2;3;3;3;3;2;3;2;3;2;3;3;3;2;2;3;4;4
699;04/07/2024;2;5;0;0;2;4;4;3;1;1;1;3;3;3;3;3;3;3;3;2;3;3;3;2;3;2;3;3;3;2;3;3;3;3;2;2;3;3;3;3;3;2;3;3;3;5;1;1;4;3;4;3;1;4;3;3;5;1;5;3;5;1;5;3;4
700;04/07/2024;1;2;1;2;0;2;1;4;1;1;2;3;3;4;4;4;3;4;4;3;4;4;4;4;4;4;3;4;4;4;4;3;3;3;3;3;3;4;4;3;3;3;1;1;1;4;1;1;5;1;3;1;4;4;1;1;1;1;5;5;5;1;5;1;4
701;04/07/2024;3;2;0;0;2;1;1;3;1;1;1;4;4;4;4;4;4;4;3;3;4;4;3;3;4;2;3;4;4;4;2;4;4;4;4;4;2;4;4;4;2;3;1;2;1;3;1;1;5;1;5;1;1;4;1;1;1;1;5;4;5;1;5;1;4
702;04/07/2024;2;2;0;0;2;1;1;3;1;1;1;3;3;3;3;3;3;3;3;2;3;3;2;3;3;3;3;3;3;3;3;3;3;3;3;3;3;3;3;3;3;3;3;3;2;4;1;1;4;1;5;1;1;5;2;5;1;1;4;4;5;1;4;5;4
703;04/07/2024;1;4;1;1;0;4;3;5;4;1;2;3;3;3;3;3;3;2;3;2;4;3;2;4;3;3;3;3;3;3;3;3;3;3;3;3;3;3;3;3;2;3;2;2;1;3;1;1;4;1;4;1;1;5;1;1;3;1;4;4;4;1;5;1;4
704;04/07/2024;2;4;0;0;2;4;4;1;2;1;2;2;3;2;2;4;2;2;2;2;3;4;2;2;2;3;2;2;3;2;3;2;3;4;1;1;2;2;1;3;2;2;4;3;3;4;3;3;5;3;3;3;4;2;4;3;5;3;4;2;3;3;3;1;4
705;04/07/2024;1;3;1;3;0;1;1;7;2;1;1;3;3;3;3;3;3;3;3;2;3;3;2;2;3;3;3;3;3;3;3;3;3;3;3;2;3;3;3;3;2;3;2;2;2;3;1;1;4;3;4;1;2;4;3;2;1;2;4;3;2;2;4;4;4
706;04/07/2024;1;2;1;3;0;2;1;7;4;1;2;3;3;3;3;3;3;3;2;2;3;4;2;3;3;3;3;3;3;3;3;3;3;3;3;3;3;2;2;3;3;4;3;4;3;5;1;1;4;1;4;1;1;3;1;3;1;3;3;4;4;1;4;4;4
707;04/07/2024;3;2;0;0;2;1;1;3;1;1;2;3;3;3;3;3;2;3;3;3;4;3;3;3;3;2;3;3;3;3;3;3;3;3;3;3;2;3;3;3;3;3;3;3;1;4;1;1;5;2;5;1;1;3;1;4;1;3;5;5;5;1;4;4;4
708;04/07/2024;2;2;0;0;2;1;1;7;1;1;2;3;4;4;3;3;3;4;3;2;3;3;2;3;3;2;4;3;3;3;4;2;3;2;3;3;3;2;3;3;2;3;3;3;2;4;1;1;5;1;5;1;3;4;3;2;1;1;4;4;5;1;5;4;4
709;04/07/2024;1;4;1;1;0;2;1;7;4;1;2;3;3;3;3;4;3;3;3;3;3;3;3;3;4;3;3;3;3;3;3;3;3;3;3;3;3;3;3;3;3;3;2;2;1;5;1;1;4;1;5;1;1;3;1;1;1;1;4;4;5;1;4;5;4
710;04/07/2024;2;2;0;0;2;1;2;7;1;1;2;3;3;3;3;3;3;3;3;3;3;3;3;3;3;3;3;3;3;3;3;3;3;3;3;3;3;3;3;3;2;2;2;2;1;5;1;1;5;1;4;1;1;3;1;3;1;1;5;5;4;1;5;1;4
711;04/07/2024;1;4;1;3;0;2;2;1;4;4;2;3;3;4;3;3;3;4;4;3;4;4;3;4;4;4;3;3;3;3;4;3;3;3;3;3;3;3;4;3;3;3;2;2;2;5;1;2;4;2;4;2;2;4;2;3;1;2;5;5;5;2;4;2;4
712;04/07/2024;2;4;0;0;2;4;4;2;1;1;1;2;3;2;1;1;1;1;3;3;3;2;3;1;4;2;3;1;1;2;2;2;3;3;3;1;1;2;1;1;4;2;4;2;4;4;2;3;5;4;3;3;4;1;3;2;1;3;4;4;2;4;3;4;4
713;04/07/2024;3;2;0;0;2;1;1;7;1;1;2;1;4;2;2;4;3;3;2;1;3;4;1;3;3;2;3;3;3;3;3;3;2;3;3;2;3;3;3;3;2;3;3;2;1;5;1;1;5;1;5;1;1;5;1;4;5;1;5;5;4;1;5;1;4
714;04/07/2024;2;4;0;0;2;4;4;1;1;1;2;2;3;3;3;3;3;2;2;2;3;3;2;2;2;2;2;3;3;3;3;2;2;2;2;2;2;3;2;3;3;2;3;3;3;4;1;1;5;3;4;1;1;2;3;3;1;3;5;3;5;2;3;3;4
715;04/07/2024;1;5;1;1;0;4;3;3;4;4;2;3;3;4;2;3;3;3;4;3;4;4;3;3;4;3;3;4;3;3;4;3;3;3;3;3;3;3;4;3;2;3;3;4;4;5;1;2;5;3;5;1;1;3;1;3;1;3;5;5;5;3;4;1;4
716;04/07/2024;2;2;0;0;2;2;1;7;1;1;2;4;3;3;4;4;3;3;3;2;4;3;2;3;3;3;3;3;3;3;2;3;2;3;3;3;3;3;2;3;4;3;3;4;1;5;1;1;5;2;5;1;2;5;1;4;1;1;5;5;5;1;5;1;4
717;04/07/2024;2;2;0;0;2;1;1;1;1;1;1;3;3;4;2;3;3;3;2;1;1;1;1;2;3;3;3;2;3;3;4;1;3;2;3;3;3;2;3;3;3;3;4;4;5;2;1;3;4;4;2;5;4;2;3;4;2;2;4;4;4;3;4;5;4
718;04/07/2024;2;3;0;0;2;1;1;3;1;1;1;3;3;3;3;3;3;3;3;3;3;3;3;3;3;3;3;3;3;3;3;3;3;3;3;3;3;3;3;3;2;3;3;3;3;5;1;1;5;3;5;1;1;3;1;3;1;1;5;5;5;1;5;1;4
719;04/07/2024;1;2;1;3;0;1;1;7;2;1;2;4;4;4;3;4;3;4;4;3;4;4;3;3;4;3;4;4;4;4;4;4;4;4;4;3;3;2;4;4;4;4;3;5;3;4;1;2;5;3;3;1;1;2;1;1;1;2;4;2;4;2;4;1;4
720;04/07/2024;2;5;0;0;2;1;1;3;1;1;2;3;3;3;3;3;3;3;3;3;3;3;2;3;3;3;3;3;3;3;3;3;3;3;2;3;3;3;3;3;3;3;3;2;1;5;1;3;4;1;4;1;1;5;1;1;1;2;5;3;5;1;5;3;4
721;04/07/2024;2;4;0;0;2;3;3;7;1;1;2;2;2;3;3;3;3;3;3;2;3;3;2;3;2;4;3;3;3;3;3;2;4;3;3;3;3;3;3;3;2;3;2;2;3;5;1;2;4;2;5;2;1;4;3;4;2;2;5;3;4;2;4;1;4
722;04/07/2024;2;5;0;0;2;1;1;2;1;1;1;2;3;2;2;3;3;2;2;1;2;2;1;2;3;3;2;3;3;2;2;2;3;2;3;2;3;3;3;3;2;3;2;2;1;3;1;1;5;1;3;2;1;4;1;2;1;2;4;4;4;2;4;1;4
723;04/07/2024;3;4;0;0;2;3;3;3;2;4;2;2;3;2;3;3;3;2;2;2;3;2;2;2;3;2;3;3;2;2;3;2;3;2;3;3;2;3;2;3;2;2;2;3;2;4;1;2;4;2;4;1;1;4;2;2;1;2;4;4;4;3;3;1;4
724;04/07/2024;1;4;4;3;0;4;1;2;2;1;2;3;4;4;4;3;3;3;4;3;4;4;4;4;3;3;4;4;3;4;4;3;3;4;4;3;4;3;4;4;3;4;1;1;2;5;1;1;5;1;4;1;1;4;1;1;1;1;5;4;3;1;5;1;4
725;04/07/2024;2;4;0;0;2;4;4;3;1;1;2;4;3;3;3;3;3;4;3;2;4;3;2;2;3;4;3;3;3;3;4;3;3;3;3;2;3;3;3;3;3;3;3;3;1;5;1;1;5;2;5;3;1;5;1;3;1;1;5;5;5;1;5;1;4
726;04/07/2024;2;5;0;0;2;2;2;7;1;1;2;3;4;4;4;4;3;2;3;1;4;4;1;3;4;2;4;4;3;3;3;1;1;3;4;3;2;3;3;3;3;3;2;2;2;5;1;2;5;2;5;1;1;3;1;3;1;2;5;5;5;2;3;1;4
727;04/07/2024;2;4;0;0;2;4;2;2;1;1;2;2;3;3;2;2;2;2;2;2;2;2;3;2;3;2;3;2;3;3;2;2;2;2;3;2;2;2;3;3;2;3;2;3;1;4;1;2;5;2;4;1;1;4;1;3;5;2;4;4;4;2;4;1;4
728;04/07/2024;3;3;0;0;2;1;1;3;1;2;1;2;3;3;3;3;3;3;2;2;3;3;2;3;2;3;3;3;3;3;3;3;3;3;3;2;3;2;2;3;3;2;1;1;1;2;1;1;5;1;1;1;5;5;2;2;4;1;5;5;5;1;5;1;4
729;04/07/2024;1;5;1;3;0;1;1;2;2;1;1;3;3;3;3;3;3;3;3;3;3;3;3;3;3;3;3;3;3;3;3;3;3;3;3;3;3;3;3;3;3;3;1;3;3;3;1;1;4;2;5;2;1;3;2;3;1;1;5;4;3;1;5;1;4
730;04/07/2024;1;5;1;1;0;4;2;2;4;4;2;3;4;3;3;4;3;3;2;3;3;3;3;4;3;3;3;3;3;2;4;3;3;4;4;3;3;4;3;4;1;4;3;5;4;4;2;1;5;3;4;3;5;4;1;4;5;2;4;2;4;3;4;1;4
731;04/07/2024;2;5;0;0;2;2;2;3;1;2;2;1;2;2;1;1;2;1;1;1;2;1;1;1;1;1;1;1;1;1;1;1;1;2;1;1;1;1;1;3;1;1;5;5;5;2;1;4;5;5;2;3;4;1;5;5;1;4;4;2;3;5;3;1;4
732;04/07/2024;3;2;0;0;2;2;2;3;1;1;1;1;3;2;3;3;2;3;2;1;3;2;2;2;4;3;2;3;3;2;2;3;3;3;3;4;3;2;3;3;4;3;3;3;3;4;1;1;5;3;4;1;1;3;1;3;1;1;4;4;3;2;4;2;4
733;04/07/2024;1;1;4;3;0;1;1;7;2;2;2;2;3;4;3;3;3;4;1;1;3;3;1;3;4;4;3;3;3;4;4;4;3;4;4;2;4;4;4;3;4;4;4;5;4;3;1;3;5;4;5;1;1;2;3;5;1;2;4;3;4;3;4;4;4
734;04/07/2024;1;5;1;1;0;4;4;2;4;4;2;3;3;3;3;3;3;3;3;3;3;3;3;3;3;2;3;3;3;2;3;3;3;3;3;2;2;3;4;4;3;3;3;3;3;4;1;2;4;3;5;1;1;4;2;2;1;3;4;4;4;3;4;1;4
735;04/07/2024;1;3;1;1;0;3;2;2;4;4;2;2;2;3;3;3;3;3;2;3;3;3;3;3;3;3;2;3;2;3;3;3;3;3;3;3;3;3;3;3;2;3;3;3;3;4;1;2;5;3;5;1;3;4;3;4;1;3;4;5;5;3;4;1;4
736;04/07/2024;2;5;0;0;2;4;4;2;1;1;1;2;3;2;2;3;3;2;2;2;3;2;2;2;2;2;3;3;3;2;3;2;3;2;3;2;3;3;2;3;2;3;3;4;4;3;1;3;4;3;5;1;3;3;2;4;1;3;2;3;4;1;4;1;4
737;04/07/2024;3;2;0;0;2;2;2;7;1;1;2;2;3;1;3;3;3;1;1;1;2;2;2;2;3;3;3;3;3;2;1;2;3;2;3;1;4;1;1;2;2;2;4;4;4;5;1;1;5;4;4;4;1;2;4;4;1;2;4;4;4;4;4;5;4
738;04/07/2024;2;5;0;0;2;4;4;7;1;1;2;1;3;2;2;3;3;3;2;1;2;2;1;2;2;3;3;2;2;1;2;2;2;3;2;1;2;2;3;1;1;2;5;5;4;5;1;2;2;4;5;3;3;3;3;5;1;3;3;4;5;5;5;5;4
739;04/07/2024;1;4;1;1;0;4;3;2;4;4;2;3;3;3;3;4;3;3;3;3;3;3;2;3;3;3;3;3;3;3;3;3;3;3;3;3;3;3;3;3;3;3;4;4;4;4;1;3;4;3;3;3;3;3;3;3;1;2;4;4;4;3;4;2;4
740;04/07/2024;2;2;0;0;2;4;4;2;1;1;2;2;3;2;2;2;2;3;3;2;3;3;2;2;3;2;3;3;3;2;2;2;3;3;3;2;3;2;3;3;2;2;3;3;3;5;1;1;4;3;1;2;2;2;2;3;1;3;4;4;3;1;4;1;4
741;04/07/2024;3;2;0;0;2;3;2;3;1;1;2;2;3;3;3;4;3;2;2;3;2;2;3;1;1;2;2;1;1;2;3;3;3;3;3;1;3;3;3;4;1;1;1;3;1;5;1;1;5;1;5;1;1;5;1;1;2;1;5;3;5;1;5;1;4
742;04/07/2024;2;2;0;0;2;2;2;1;2;2;1;3;3;3;3;3;3;1;3;3;2;2;3;2;3;3;3;3;3;2;3;3;3;2;3;3;3;3;3;3;3;3;4;4;4;5;1;1;5;4;5;1;1;2;4;3;1;2;5;4;4;3;4;1;4
743;04/07/2024;2;3;0;0;2;2;2;1;2;2;2;2;2;2;3;2;3;1;2;2;2;2;2;2;3;3;2;2;2;2;2;2;2;3;2;1;2;2;1;2;2;3;4;4;4;4;1;5;5;4;3;4;5;1;5;3;1;4;5;3;4;5;3;1;4
744;04/07/2024;1;5;1;3;0;2;2;3;2;2;2;1;2;2;2;1;1;1;1;1;1;1;1;1;4;1;2;1;1;4;3;2;2;2;2;1;1;1;1;2;1;3;4;4;4;2;3;2;4;3;2;4;4;2;4;4;3;2;4;3;2;4;4;1;4
745;04/07/2024;2;4;0;0;2;4;4;2;1;3;2;2;4;3;2;2;3;2;4;1;3;3;2;2;3;3;4;2;2;4;3;2;4;4;3;1;1;3;2;3;3;3;3;3;3;5;1;2;4;3;5;1;3;3;1;2;1;2;5;4;3;2;3;3;4
746;04/07/2024;2;5;0;0;2;4;4;3;1;3;2;2;3;2;3;3;3;2;2;2;2;2;2;3;2;3;3;3;3;3;2;2;3;3;3;2;3;3;2;3;4;3;3;3;2;5;1;1;5;1;1;1;1;5;1;3;4;1;5;5;4;1;5;2;4
747;04/07/2024;2;5;0;0;2;4;4;2;1;3;1;3;3;2;3;3;3;2;2;3;3;3;2;4;3;3;2;3;3;2;2;2;3;2;3;1;3;3;1;2;2;3;4;3;1;5;1;2;5;3;4;1;1;5;3;2;1;2;5;4;4;3;4;1;4
748;04/07/2024;2;3;0;0;2;4;4;2;1;3;2;3;3;3;2;3;2;2;3;3;3;3;3;2;3;3;3;3;3;2;2;2;3;2;2;1;3;3;3;3;2;3;3;3;1;1;1;1;5;1;4;1;1;4;3;2;4;2;4;4;4;1;5;3;4
749;04/07/2024;3;4;0;0;2;4;4;3;1;3;2;2;4;4;4;4;2;2;2;2;3;3;2;3;3;3;4;4;3;4;3;3;3;3;3;3;2;2;2;3;3;3;3;3;2;4;1;1;5;2;5;1;2;5;1;3;1;1;5;4;5;2;5;1;4
750;04/07/2024;2;4;0;0;2;3;3;2;1;1;2;1;3;1;2;1;2;1;1;1;1;1;1;1;1;2;2;1;1;1;1;1;1;1;1;1;1;1;1;2;2;2;4;5;4;4;3;3;5;4;3;1;3;1;4;5;1;3;4;3;2;4;4;4;4
751;05/07/2024;1;5;1;3;0;4;4;2;1;3;2;2;2;3;2;3;3;3;2;2;3;3;2;1;2;2;1;2;2;2;2;2;2;2;2;2;3;3;2;3;1;3;3;3;3;4;1;2;4;3;4;2;3;3;3;3;1;2;4;4;4;2;4;3;4
752;05/07/2024;2;5;0;0;2;3;3;2;1;3;1;3;3;3;3;3;3;3;3;1;3;3;2;2;2;2;3;3;3;3;3;3;2;3;3;2;3;3;3;3;2;3;2;2;3;4;1;1;5;1;3;2;2;3;2;2;1;2;4;4;4;2;3;1;4
753;05/07/2024;2;5;0;0;2;4;4;3;1;3;2;2;3;2;2;3;2;2;2;2;2;3;2;2;3;2;3;2;3;3;3;3;3;2;3;1;3;2;2;2;2;3;3;3;3;4;1;1;4;3;4;1;1;3;1;3;1;1;4;4;4;2;4;2;4
754;05/07/2024;2;5;0;0;2;4;4;3;1;3;1;2;3;2;2;3;2;2;2;1;3;2;1;2;3;3;2;2;3;2;2;1;2;3;2;1;2;3;2;3;3;2;3;3;2;4;1;2;4;2;4;2;3;3;3;2;1;2;4;3;3;3;4;3;4
755;05/07/2024;2;5;0;0;2;4;4;3;1;3;2;2;2;2;2;2;2;3;2;1;2;2;1;2;2;2;2;2;2;2;3;2;2;2;2;2;2;2;2;2;2;2;3;3;1;4;1;1;5;1;3;1;3;5;3;4;2;1;3;3;3;3;5;4;4
756;05/07/2024;2;5;0;0;2;4;4;7;1;3;2;2;3;2;2;4;3;1;1;1;1;1;1;1;4;3;3;2;2;2;1;1;2;3;3;1;3;3;1;3;3;2;4;4;4;4;1;1;3;4;3;4;4;2;3;4;1;3;2;3;3;4;3;3;4
757;05/07/2024;2;5;0;0;2;4;4;3;1;3;1;2;2;1;1;4;2;1;3;1;2;2;1;1;3;1;1;3;3;3;1;1;3;2;2;1;3;3;2;2;3;2;3;5;3;2;1;3;3;3;1;3;3;3;1;3;1;2;4;3;3;3;3;3;4
758;05/07/2024;2;3;0;0;2;3;3;3;1;3;1;1;2;2;3;1;3;2;2;1;2;2;1;2;3;3;2;2;2;2;2;1;2;3;2;2;4;2;3;3;3;3;5;5;5;5;1;3;4;4;4;1;3;2;3;5;1;2;5;4;5;3;4;4;4
759;05/07/2024;2;5;0;0;2;4;4;3;1;3;2;1;2;1;3;2;3;2;2;1;2;2;1;1;3;2;2;3;3;1;2;1;2;2;2;2;3;3;3;3;3;3;4;4;3;5;1;1;4;3;4;1;2;4;3;5;1;2;5;4;5;3;4;4;4
760;05/07/2024;1;5;1;3;0;2;2;7;1;3;2;2;4;3;3;4;2;3;1;1;3;2;2;2;3;2;3;3;4;1;2;3;4;4;2;3;4;3;2;3;1;4;2;3;2;2;1;1;5;1;4;1;1;5;1;1;1;1;5;5;4;1;5;3;4
761;05/07/2024;2;5;0;0;2;4;4;3;1;3;2;2;3;3;2;3;2;2;2;2;3;3;2;2;2;2;3;3;2;3;3;2;2;3;3;3;2;2;3;2;3;2;3;5;5;5;1;3;5;3;3;3;3;1;3;3;1;3;3;3;5;3;3;3;4
762;05/07/2024;3;5;0;0;2;4;4;7;1;3;2;3;3;3;3;3;3;3;3;2;3;3;2;3;4;3;3;3;3;3;3;3;3;3;3;3;3;3;3;3;3;3;2;3;3;3;2;2;2;2;2;2;2;3;3;3;2;2;2;3;4;2;4;2;4
763;05/07/2024;3;4;0;0;2;3;3;3;1;3;1;1;3;2;2;3;3;3;3;1;3;3;1;2;3;3;3;3;3;4;3;2;3;3;3;2;2;3;3;3;1;4;5;4;4;4;1;1;4;5;4;1;1;1;5;5;1;3;5;1;3;4;5;4;4
764;05/07/2024;2;2;0;0;2;1;1;3;1;3;1;2;2;2;2;2;3;2;2;2;2;2;2;2;3;2;2;2;2;2;2;2;2;2;3;2;2;2;2;2;2;4;5;5;5;5;1;1;5;5;5;3;3;1;1;5;5;1;5;2;5;5;2;5;4
765;05/07/2024;2;5;0;0;2;4;4;2;1;3;2;1;3;3;3;3;2;2;3;2;4;4;2;2;3;3;3;2;3;3;2;1;3;3;3;2;3;2;3;3;3;3;3;3;3;4;1;1;5;3;3;1;1;3;3;3;1;3;5;5;5;3;3;1;4
766;05/07/2024;1;5;1;3;0;4;4;2;1;3;1;3;3;3;3;3;2;2;2;3;4;3;3;2;3;3;3;2;3;3;2;2;3;2;3;3;3;2;2;3;3;3;3;3;2;4;1;1;4;2;4;2;3;4;1;3;1;2;3;4;5;1;4;2;4
767;05/07/2024;1;5;1;3;0;4;4;2;1;3;1;3;3;3;3;3;2;2;2;3;4;3;3;2;3;3;3;2;3;3;2;2;3;2;3;3;3;2;2;3;3;3;3;3;2;4;1;1;4;2;4;2;3;4;1;3;1;2;3;4;5;1;4;2;4
768;05/07/2024;2;5;0;0;2;4;4;2;1;3;2;1;3;2;2;2;2;2;1;1;3;3;1;1;2;2;2;1;1;2;1;1;1;2;2;1;2;2;3;1;1;1;3;3;3;5;1;1;5;3;4;1;1;2;3;3;1;3;3;1;5;3;5;3;4
769;05/07/2024;2;3;0;0;2;1;1;2;1;3;2;3;2;2;3;3;3;3;3;3;3;2;3;2;3;2;3;3;3;3;2;2;3;3;3;3;3;3;3;3;3;2;3;3;1;5;1;2;5;3;5;1;1;3;1;3;1;3;5;5;2;2;5;1;4
770;05/07/2024;2;5;0;0;2;4;4;2;1;3;1;2;3;2;3;2;2;2;3;2;3;2;2;2;3;3;3;3;3;3;2;2;3;3;2;2;2;2;2;3;3;3;1;2;1;4;1;1;5;1;4;1;1;4;1;3;1;1;5;5;5;1;5;1;4
771;05/07/2024;2;5;0;0;2;4;4;2;1;3;2;2;3;2;2;3;2;1;2;1;2;2;2;1;3;3;3;2;2;3;3;1;2;2;3;2;3;2;2;2;2;2;3;2;2;3;1;1;5;3;3;1;1;3;3;3;1;1;5;5;4;1;3;1;4
772;05/07/2024;1;4;1;3;0;1;1;3;4;1;2;3;3;3;3;4;3;3;3;2;4;4;2;3;2;2;3;3;3;2;3;2;2;3;3;3;3;3;3;3;3;3;1;1;1;5;1;2;5;1;5;3;5;5;1;1;1;2;4;2;5;1;3;1;4
773;05/07/2024;2;4;0;0;2;4;4;3;1;1;2;1;3;3;3;3;2;2;2;1;3;3;2;2;3;2;3;3;3;3;2;2;2;3;3;2;3;3;3;3;2;3;3;3;3;4;1;1;4;3;4;2;2;3;3;3;1;3;3;3;3;3;3;3;4
774;05/07/2024;2;3;0;0;1;1;1;2;1;1;1;1;2;2;1;3;3;1;1;1;2;2;1;1;1;3;2;2;2;2;1;1;1;2;2;1;1;1;1;1;1;1;5;5;5;4;4;3;5;5;3;4;5;2;3;5;2;4;4;3;2;5;4;3;4
775;05/07/2024;2;5;0;0;2;2;2;3;1;1;2;4;3;4;3;3;3;3;2;2;3;3;2;3;3;3;3;2;3;2;3;2;3;3;3;3;3;3;3;3;3;3;3;4;3;5;1;1;5;3;4;1;1;3;2;3;1;2;4;4;5;3;4;1;4
776;05/07/2024;2;4;0;0;2;3;3;3;1;1;1;1;1;1;2;3;1;1;1;1;1;1;1;1;4;3;3;1;1;1;3;1;2;2;2;1;3;2;2;2;2;2;4;4;3;4;1;1;5;4;5;3;3;4;3;4;1;3;3;3;4;3;3;4;4
777;05/07/2024;2;4;0;0;2;2;2;3;1;2;1;1;3;3;3;3;3;3;1;1;3;3;2;2;3;3;3;3;3;3;3;3;3;3;3;3;2;3;3;3;3;3;4;4;3;3;1;3;4;3;3;1;1;3;3;3;1;1;3;3;5;1;5;3;4
778;05/07/2024;3;1;0;0;2;1;1;3;1;1;2;2;3;3;3;3;2;3;2;1;3;3;2;2;3;2;3;3;3;2;3;2;3;3;3;3;3;3;3;2;2;3;3;3;4;4;1;2;4;2;4;2;2;2;1;4;1;1;5;4;5;3;4;2;4
779;05/07/2024;3;4;0;0;2;4;4;3;1;1;1;2;2;4;4;3;3;3;2;1;3;3;1;2;2;3;2;3;3;3;3;3;3;3;3;3;3;3;3;3;3;3;3;3;1;5;1;1;2;1;5;1;1;5;1;3;2;1;5;5;5;1;5;1;4
780;05/07/2024;2;2;0;0;2;1;1;3;1;1;2;1;2;3;2;3;3;3;2;4;3;3;2;2;3;3;2;3;2;2;3;2;2;2;2;2;2;2;2;2;2;3;4;5;3;4;1;1;5;3;5;3;3;2;3;5;1;2;4;2;4;3;4;4;4
781;05/07/2024;2;2;0;0;2;2;2;3;1;1;2;2;3;3;3;3;3;3;2;1;3;3;2;3;3;3;2;3;3;3;3;2;3;3;3;3;3;3;3;3;3;3;3;3;3;3;1;3;5;3;3;3;3;3;3;4;1;3;3;2;5;3;3;4;4
782;05/07/2024;1;3;1;1;0;4;2;3;4;4;2;2;3;3;3;3;3;3;2;3;3;3;3;3;3;3;2;3;3;3;3;3;3;4;3;2;2;4;3;3;2;4;5;5;4;4;1;3;4;4;3;3;3;3;4;4;2;3;4;4;4;4;3;4;4
783;05/07/2024;2;5;0;0;2;2;2;3;1;1;2;1;3;3;3;3;3;3;2;2;3;3;1;3;3;3;3;3;3;2;3;2;3;2;3;2;2;2;3;3;3;2;4;4;4;3;2;2;5;4;3;3;3;3;3;3;1;3;4;4;4;3;3;4;4
784;05/07/2024;3;4;0;0;2;4;4;3;1;1;2;1;2;3;3;3;3;3;2;2;3;3;2;3;3;3;3;3;3;2;3;3;3;3;2;3;3;3;3;3;2;2;3;4;3;5;1;2;5;2;3;1;1;3;1;3;1;2;3;3;3;1;3;5;4
785;05/07/2024;3;2;0;0;2;4;4;3;1;2;2;1;1;1;1;3;2;1;1;1;1;1;1;1;1;1;1;1;1;1;1;1;1;1;1;1;1;1;1;1;1;1;5;5;4;5;5;5;5;3;2;1;5;2;5;5;5;5;5;2;5;5;5;5;4
786;05/07/2024;3;4;0;0;2;3;3;3;1;1;2;3;3;3;3;4;3;3;3;2;4;3;3;3;3;2;4;4;3;3;4;3;2;2;3;3;3;3;3;3;2;2;3;4;1;5;1;1;5;3;5;3;3;5;1;1;1;3;5;1;5;1;5;3;4
787;05/07/2024;2;4;0;0;2;4;4;3;1;1;2;2;2;2;2;2;2;2;2;2;2;2;1;3;2;2;2;2;2;2;2;2;3;3;2;2;2;3;3;2;2;2;3;4;3;4;1;2;3;3;4;3;3;3;3;4;1;3;3;4;5;3;3;4;4
788;05/07/2024;3;3;0;0;2;3;3;3;1;1;1;2;2;2;2;2;2;2;2;2;3;3;2;2;3;2;2;2;2;2;2;2;2;2;3;2;2;3;3;2;2;3;2;4;2;5;1;2;5;2;5;3;3;3;2;3;1;3;5;4;5;2;4;3;4
789;05/07/2024;2;1;0;0;2;1;1;3;1;1;2;2;3;3;3;3;3;3;2;2;3;3;2;3;3;3;3;3;3;3;3;3;3;3;3;2;3;3;3;3;2;3;1;3;1;3;1;1;5;1;4;1;1;3;1;2;1;1;4;3;3;1;4;1;4
790;05/07/2024;2;5;0;0;2;4;4;2;1;1;2;1;3;2;2;3;3;2;2;1;4;4;1;1;3;2;3;3;2;2;2;1;1;3;3;1;3;3;1;4;3;1;4;5;3;5;1;1;5;4;4;1;1;2;3;5;1;1;3;4;5;3;4;2;4
791;05/07/2024;3;2;0;0;2;1;1;3;1;1;2;2;4;3;3;3;3;3;2;2;3;3;2;2;3;2;3;2;3;3;2;2;3;3;3;2;3;3;3;3;3;2;3;5;4;4;1;2;4;3;4;1;2;3;2;3;1;2;4;3;4;3;3;2;4
792;05/07/2024;2;4;0;0;2;3;2;3;1;1;2;3;3;3;3;3;3;3;3;3;3;3;3;3;3;3;3;3;3;3;3;3;3;3;3;3;2;3;3;3;4;3;3;3;1;5;1;1;5;3;5;1;1;3;2;3;1;1;5;4;5;1;5;1;4
793;05/07/2024;1;3;2;3;0;3;3;3;2;1;2;2;3;3;3;3;3;3;2;3;3;3;3;2;3;3;3;3;3;3;3;3;3;3;3;2;3;2;3;3;3;3;3;3;3;3;1;1;5;3;5;1;3;4;3;2;1;2;5;3;4;2;4;3;4
794;05/07/2024;3;4;0;0;2;4;3;7;1;1;1;3;2;3;3;3;3;2;2;2;2;2;2;2;4;2;3;3;2;2;2;1;3;3;2;1;1;3;2;3;2;3;4;4;4;3;2;3;3;5;3;4;3;2;4;4;2;3;3;2;1;4;2;5;4
795;05/07/2024;3;2;0;0;2;1;1;3;1;1;2;2;3;3;3;3;3;4;2;2;4;4;3;3;3;3;3;3;3;3;3;3;4;3;3;3;3;3;3;3;3;3;2;2;2;4;1;2;5;1;5;2;1;2;2;2;1;1;4;3;5;1;4;3;4
796;05/07/2024;3;4;0;0;2;4;4;7;1;1;2;2;3;3;3;3;4;2;1;1;1;1;1;1;3;1;3;3;2;2;2;2;3;3;3;3;1;3;1;1;1;3;4;5;5;4;3;3;4;5;5;3;3;1;5;5;3;2;5;2;5;4;4;4;4
797;05/07/2024;3;3;0;0;1;2;2;4;4;4;2;3;2;1;3;3;3;2;2;1;2;2;1;1;3;2;2;3;3;3;2;1;3;1;2;2;3;2;3;3;2;3;5;5;5;4;4;2;4;5;3;5;5;2;5;5;3;3;2;2;4;4;3;4;4
798;05/07/2024;1;4;1;1;0;4;4;5;4;4;2;3;3;4;3;3;3;3;3;2;4;4;2;3;4;4;3;3;3;2;3;3;3;3;3;2;2;3;3;3;3;3;3;3;2;4;1;1;5;2;5;1;1;4;1;3;1;1;4;4;5;2;5;2;4
799;05/07/2024;2;4;0;0;2;4;4;3;1;1;2;1;1;1;2;1;2;1;3;1;1;2;1;1;3;2;1;1;3;1;1;1;3;3;1;1;3;3;1;3;2;3;5;5;5;4;1;4;4;5;4;3;3;1;5;5;1;3;5;2;4;5;3;1;4
800;05/07/2024;2;5;0;0;2;4;4;7;1;1;2;1;2;3;2;3;2;2;2;1;2;3;1;2;2;3;2;3;3;1;3;3;2;3;1;3;2;2;3;3;2;3;3;4;4;4;1;1;5;3;4;5;4;2;3;3;1;3;5;5;5;3;5;2;4
801;05/07/2024;1;5;1;2;0;1;1;4;4;4;1;2;3;4;4;4;3;3;3;3;3;3;3;3;4;3;3;3;3;3;3;4;3;3;3;2;3;3;3;3;3;3;3;4;3;3;1;2;5;2;5;2;1;3;2;4;1;1;5;5;5;2;5;2;4
802;05/07/2024;2;2;0;0;2;1;1;3;4;4;2;4;4;4;4;4;4;4;4;3;4;4;3;4;4;4;4;4;4;4;4;3;4;4;4;2;4;3;4;4;4;4;1;3;3;5;1;1;5;2;5;1;1;4;1;2;1;1;5;4;5;1;5;1;4
803;05/07/2024;2;5;0;0;2;4;4;1;2;1;2;1;3;1;3;2;2;1;1;2;1;3;3;1;3;3;4;3;2;1;1;2;2;3;3;1;2;3;2;2;2;2;4;4;3;4;1;1;5;4;4;2;2;2;4;4;1;4;4;4;4;4;3;1;4
804;05/07/2024;2;5;0;0;2;3;3;2;1;1;1;1;3;1;2;3;2;2;2;1;2;2;1;2;3;1;3;3;3;3;2;1;1;2;3;1;3;3;3;3;1;3;5;5;5;3;3;1;4;5;3;1;1;2;5;5;1;1;2;2;2;5;2;2;4
805;05/07/2024;2;4;0;0;2;4;4;7;1;1;2;2;3;4;2;4;1;3;2;1;1;1;2;1;2;3;4;4;2;1;4;1;1;1;3;1;1;1;3;1;4;4;3;3;2;5;1;1;5;3;3;1;3;2;1;4;1;2;5;3;5;2;2;4;4
806;05/07/2024;2;3;0;0;2;3;3;7;1;1;2;2;3;2;2;2;1;1;2;2;2;1;2;1;3;1;3;2;2;3;1;1;1;1;3;2;3;2;1;3;1;3;3;3;3;3;1;2;5;3;5;1;1;2;1;4;1;3;2;3;5;1;4;5;4
807;05/07/2024;1;5;1;3;0;1;1;7;2;2;2;2;3;2;2;3;3;3;2;2;3;3;2;2;3;3;3;2;3;2;3;3;2;3;3;2;3;3;2;3;2;3;3;4;4;4;1;1;4;4;5;1;2;3;3;3;1;1;4;4;4;2;4;1;4
808;05/07/2024;2;4;0;0;2;4;4;2;1;1;2;2;3;3;2;3;2;2;3;3;3;3;3;2;3;3;3;2;2;3;3;1;2;3;3;1;2;3;3;3;3;3;4;4;4;5;2;3;4;3;3;3;4;2;3;3;1;3;3;3;2;4;3;2;4
809;05/07/2024;1;2;4;3;0;1;1;2;2;1;2;2;4;2;2;2;2;1;2;1;2;1;1;1;4;4;4;1;1;1;1;1;1;1;1;1;4;1;4;1;1;4;4;4;4;4;3;3;4;4;5;3;5;4;4;5;1;4;4;3;4;3;4;3;4
810;05/07/2024;2;5;0;0;2;4;4;2;1;1;2;2;3;3;3;2;2;3;2;1;3;2;1;2;4;3;3;2;2;3;2;1;1;2;3;2;3;3;3;3;3;3;4;4;3;5;1;2;5;3;4;1;1;4;3;3;1;1;5;4;4;3;3;2;4
811;05/07/2024;2;1;0;0;2;1;1;3;1;1;2;2;3;3;3;3;3;3;2;1;3;3;2;3;2;3;3;3;3;3;3;3;2;3;3;3;2;3;3;3;2;3;1;3;2;5;1;1;5;2;5;1;1;3;2;3;1;2;4;4;4;1;3;1;4
812;05/07/2024;1;2;1;3;0;1;1;3;2;2;2;3;3;4;3;3;3;3;2;2;4;3;2;3;3;2;2;3;3;3;3;3;2;2;2;2;3;3;3;3;3;3;2;3;1;5;1;1;4;1;4;1;1;5;1;1;1;1;4;4;4;1;4;1;4
813;05/07/2024;2;3;0;0;2;3;3;2;1;1;1;1;2;3;3;3;3;1;1;1;2;1;1;1;3;3;1;1;1;2;2;1;2;2;2;1;3;2;3;3;2;3;4;4;5;5;4;1;3;4;3;3;3;2;4;4;1;3;4;5;3;4;4;3;4
814;05/07/2024;2;1;0;0;2;1;1;2;1;1;2;3;3;4;4;4;3;3;3;2;3;3;2;3;3;2;3;3;3;3;3;3;3;3;3;2;3;3;3;4;3;4;2;3;3;4;1;1;5;1;5;2;2;3;1;2;1;1;5;4;5;2;4;1;4
815;05/07/2024;3;2;0;0;2;4;2;3;1;1;2;1;1;1;2;1;1;1;1;1;2;3;1;1;4;1;3;2;2;2;3;1;3;3;3;3;3;4;2;2;2;2;5;5;5;5;1;1;4;4;5;5;5;3;3;5;1;3;5;3;5;1;4;3;4
816;05/07/2024;1;3;1;1;0;3;2;2;4;4;2;2;2;3;3;3;3;3;2;3;3;3;3;3;3;3;2;3;2;3;3;3;3;3;3;3;3;3;3;3;2;3;3;3;3;4;1;2;5;3;5;1;3;4;3;4;1;3;4;5;5;3;4;1;4
817;05/07/2024;2;3;0;0;2;2;2;1;2;2;1;2;2;2;2;3;2;1;1;1;1;1;1;1;4;3;2;2;2;3;2;2;3;3;2;2;2;3;2;2;2;2;5;5;4;5;1;2;5;4;4;2;2;2;4;4;1;2;4;4;4;4;4;3;4
818;05/07/2024;2;4;0;0;2;4;4;1;1;3;2;2;3;3;3;3;3;3;3;1;3;3;2;3;3;3;3;3;3;3;3;3;3;3;3;3;3;3;3;3;2;3;4;4;4;4;1;1;5;4;5;1;2;3;2;4;1;3;4;4;5;3;4;1;4
819;06/07/2024;2;3;0;0;2;2;2;3;1;3;2;3;3;3;3;3;2;3;3;2;2;2;3;2;3;3;2;2;3;3;2;2;3;3;2;2;3;3;3;3;2;3;3;3;3;4;1;1;4;2;4;1;1;4;2;3;1;2;4;4;3;2;3;2;4
820;06/07/2024;2;5;0;0;2;4;4;2;1;3;2;2;3;4;3;2;2;3;2;1;3;4;1;1;1;1;2;2;2;3;4;1;2;3;3;1;3;3;2;2;3;3;3;3;3;3;1;3;5;2;5;1;3;2;3;3;1;3;3;3;3;3;5;1;4
821;06/07/2024;2;4;0;0;2;4;3;2;1;3;2;1;3;3;2;3;3;3;1;3;3;2;3;1;2;2;3;1;2;3;3;1;1;2;3;1;2;2;2;2;2;3;5;5;5;4;1;1;4;5;4;1;3;1;5;5;1;3;4;2;4;5;3;5;4
822;06/07/2024;3;3;0;0;2;3;3;3;1;3;2;2;2;2;2;1;1;1;1;1;1;1;2;1;4;2;2;2;3;3;2;1;3;3;1;1;3;3;1;3;3;3;5;4;3;4;1;2;4;4;4;2;3;1;3;4;1;1;4;3;3;3;3;1;4
823;06/07/2024;2;5;0;0;2;4;4;3;1;3;2;3;3;3;2;2;2;3;2;1;1;1;1;4;4;1;1;2;3;4;1;2;3;3;3;3;3;3;3;3;3;3;4;4;3;4;1;3;5;3;5;1;1;2;3;3;4;1;5;2;3;3;4;1;4
824;06/07/2024;2;5;0;0;2;3;3;2;1;3;1;1;2;2;3;3;3;2;1;1;1;1;1;1;4;3;2;3;1;2;3;2;2;3;1;2;3;3;1;2;3;2;5;5;4;3;1;3;5;5;4;2;2;1;5;5;2;3;2;2;2;5;4;5;4
825;06/07/2024;2;4;0;0;2;4;4;3;1;3;2;3;2;3;3;3;3;2;3;2;3;2;2;2;3;3;2;3;3;3;2;3;3;3;3;2;3;3;3;2;3;3;2;3;1;5;1;1;5;2;5;1;1;5;1;2;1;1;5;5;5;1;5;1;4
826;06/07/2024;2;5;0;0;2;4;4;1;1;3;1;2;3;3;3;3;3;2;2;2;3;3;2;3;3;3;3;3;3;3;2;3;3;3;3;3;2;3;3;3;2;2;3;2;3;4;1;1;5;2;5;1;1;3;1;1;1;1;5;5;3;2;5;1;4
827;06/07/2024;2;5;0;0;2;4;4;2;1;3;1;2;3;2;3;2;2;2;2;2;2;2;2;2;3;2;3;2;2;3;2;2;3;2;2;2;2;3;2;3;3;2;4;4;4;3;3;3;3;4;3;3;3;2;3;3;3;3;3;3;2;3;3;3;4
828;06/07/2024;1;5;1;3;0;4;4;3;1;3;2;1;2;2;2;3;2;2;2;1;2;2;2;2;3;3;2;3;3;3;2;1;3;2;2;3;3;2;2;3;2;3;3;3;3;5;1;4;5;3;5;3;3;5;3;3;5;3;4;4;5;2;4;3;4
829;06/07/2024;2;2;0;0;2;1;1;3;1;2;2;2;3;2;2;2;2;2;2;1;3;2;1;2;3;2;4;2;2;3;2;2;3;2;2;2;2;2;2;2;2;2;4;4;4;3;1;2;5;3;4;1;2;1;5;4;1;3;3;3;3;4;3;3;4
830;06/07/2024;2;5;0;0;2;4;4;2;1;1;1;3;4;4;3;4;3;4;3;3;3;2;3;3;2;1;3;3;3;4;4;1;2;2;3;1;2;3;4;3;3;3;3;3;3;4;1;2;5;2;5;1;1;4;1;3;1;2;5;5;5;1;5;1;4
831;06/07/2024;2;5;0;0;2;4;4;3;1;1;1;2;3;2;3;2;2;3;2;2;2;2;2;2;2;2;3;3;3;3;2;2;3;3;2;2;2;3;3;2;2;3;5;5;5;5;1;3;5;5;5;5;5;2;3;5;1;5;5;3;5;3;3;3;4
832;06/07/2024;2;1;0;0;2;1;1;3;1;1;2;3;4;3;4;4;3;3;4;2;3;3;2;3;3;3;3;3;3;3;3;2;3;3;4;4;4;4;4;4;2;4;3;3;2;2;1;1;5;3;4;1;1;5;3;3;1;2;5;5;5;2;5;1;4
833;06/07/2024;1;4;1;3;0;3;3;3;2;1;2;2;3;2;2;3;2;2;1;1;2;2;2;1;4;2;3;2;2;3;3;2;3;3;3;2;2;3;3;3;2;3;3;3;3;4;1;2;5;3;4;5;3;3;3;3;1;2;3;4;4;3;3;2;4
834;06/07/2024;2;2;0;0;2;2;2;3;1;1;2;1;1;1;1;1;1;1;1;1;1;1;1;1;4;1;2;1;1;4;3;1;1;1;2;1;3;3;2;3;2;3;5;5;5;2;4;3;2;5;2;5;5;2;3;5;4;3;3;2;2;4;3;1;4
835;06/07/2024;1;4;1;3;0;2;1;2;2;2;2;2;2;2;2;4;2;3;2;1;2;2;1;2;3;2;3;2;2;3;2;1;2;1;2;1;2;2;2;3;1;3;4;4;4;5;1;2;5;4;5;4;5;2;4;4;1;3;3;3;3;4;3;3;4
836;06/07/2024;2;1;0;0;2;1;1;7;1;1;2;3;2;2;2;2;2;3;3;1;2;2;1;1;3;3;3;3;3;3;3;3;2;3;3;2;3;2;3;3;1;3;4;5;4;3;1;3;4;4;4;2;3;2;3;4;2;3;4;2;3;4;2;4;4
837;06/07/2024;2;2;0;0;2;2;2;3;1;1;1;2;2;2;2;3;3;2;3;1;2;2;2;3;2;2;3;3;2;2;3;1;2;3;3;3;3;3;3;3;3;3;3;3;2;4;2;3;4;3;5;2;1;4;3;3;2;3;4;3;4;1;3;3;4
838;06/07/2024;2;5;0;0;2;4;4;2;1;1;2;2;3;3;3;3;3;2;2;3;3;3;3;3;3;3;3;3;3;3;2;3;3;3;3;3;3;3;3;3;3;2;3;3;2;4;1;2;5;2;5;1;1;5;2;3;5;2;4;4;5;1;5;1;4
839;06/07/2024;2;5;0;0;2;2;2;2;1;1;1;2;3;4;3;3;3;3;3;3;3;3;3;4;1;3;4;3;4;4;4;3;4;3;3;3;3;4;3;4;4;4;1;1;1;4;1;2;5;1;5;1;1;4;3;3;1;2;5;4;5;1;4;1;4
840;06/07/2024;3;3;0;0;2;3;3;7;1;1;2;1;2;2;2;3;1;2;2;2;2;2;2;1;3;2;2;3;3;1;1;2;2;2;1;1;1;1;1;1;1;2;4;5;3;3;3;2;5;4;5;1;5;2;4;4;1;2;4;3;4;4;3;5;4
841;06/07/2024;2;4;0;0;2;1;1;3;1;3;2;3;3;3;3;3;3;3;3;3;3;3;3;3;3;3;3;3;3;3;3;3;3;3;3;4;3;3;3;3;2;3;2;2;2;3;2;2;5;2;3;2;2;4;1;2;4;3;4;4;5;2;5;2;4
842;06/07/2024;3;2;0;0;2;4;2;3;1;3;1;2;2;1;1;2;1;1;1;1;1;1;1;1;1;1;1;1;1;1;1;1;1;2;1;1;3;3;3;1;2;1;5;5;5;5;1;3;5;5;3;5;5;1;5;5;1;5;1;3;3;5;3;5;4
843;07/07/2024;2;4;0;0;2;1;1;2;1;3;1;3;4;3;3;3;2;3;2;2;3;3;2;3;2;2;3;2;3;3;2;2;3;2;2;2;3;3;2;3;4;3;3;3;3;5;1;1;5;3;4;3;2;3;3;2;1;1;5;5;3;1;5;1;4
844;07/07/2024;3;1;0;0;2;1;1;3;1;3;2;3;3;3;3;3;3;3;3;1;1;3;3;2;3;3;3;3;3;3;3;3;3;3;3;3;3;3;3;3;3;3;2;4;1;3;1;2;4;1;4;1;3;2;3;3;1;2;5;2;5;3;4;3;4
845;07/07/2024;1;5;1;3;0;3;3;3;1;3;1;2;3;3;3;3;2;2;3;2;2;3;2;2;3;2;3;3;3;3;3;2;3;2;3;1;3;3;3;3;2;3;3;3;2;4;1;1;5;2;4;1;1;4;2;3;1;1;3;3;4;1;5;3;4
846;07/07/2024;1;4;1;3;0;2;2;3;1;3;1;2;3;3;2;2;2;2;2;2;3;3;2;3;3;3;3;2;3;3;3;2;3;2;3;2;3;2;3;3;3;3;2;2;2;3;2;1;5;2;5;3;3;4;1;3;1;1;5;5;4;2;5;4;4
847;07/07/2024;2;4;0;0;2;3;3;3;1;3;1;1;1;1;1;1;1;1;1;1;1;1;1;3;1;1;1;1;1;1;1;1;1;1;1;1;1;1;1;1;1;1;5;5;5;5;5;5;5;5;5;5;4;5;5;5;5;5;5;5;5;5;5;5;4
848;07/07/2024;3;1;0;0;2;1;1;3;1;1;2;3;3;3;3;3;2;3;3;2;3;3;1;2;3;3;3;3;3;3;3;3;2;3;3;4;3;3;4;3;3;4;2;3;2;5;1;1;5;4;5;3;3;4;1;3;1;2;5;4;5;3;5;3;4
849;07/07/2024;3;3;0;0;2;1;1;3;1;2;2;2;4;3;2;3;3;3;2;1;3;3;2;2;2;2;2;2;2;3;2;3;3;3;2;3;3;2;3;3;2;2;2;3;3;4;1;1;3;1;3;2;2;2;4;4;1;1;4;5;4;3;4;3;4
850;07/07/2024;3;2;0;0;2;4;2;3;1;1;1;1;3;2;2;3;3;3;2;1;1;1;1;1;4;2;3;3;1;3;3;1;1;3;3;1;3;3;3;3;3;2;5;5;5;4;1;3;4;5;4;4;2;2;4;5;4;3;4;2;3;5;4;2;4
851;07/07/2024;2;3;0;0;2;1;1;3;1;1;1;1;3;3;3;3;3;3;1;2;3;3;1;3;3;3;2;3;3;3;2;2;2;3;2;2;2;2;3;3;3;3;3;4;4;3;2;2;5;3;4;1;2;2;3;3;1;2;4;2;3;3;5;1;4
852;07/07/2024;2;4;0;0;2;2;2;2;1;2;1;1;2;2;2;2;2;2;2;1;2;3;1;3;3;2;3;2;3;3;2;2;3;2;3;1;3;2;3;3;1;2;4;5;2;4;3;3;4;3;4;2;2;3;3;4;1;3;4;3;4;3;3;3;4
853;07/07/2024;2;4;0;0;2;4;4;1;1;1;2;3;3;3;3;3;3;2;3;1;3;3;1;1;3;3;2;2;2;2;3;2;2;2;2;2;3;3;2;3;4;2;3;3;1;4;1;1;5;2;3;1;2;5;2;3;5;1;5;5;5;2;5;1;4
854;07/07/2024;2;4;0;0;2;2;3;1;1;1;2;2;2;4;3;3;3;4;2;1;2;2;1;3;3;2;2;3;3;4;4;3;3;3;3;2;3;3;3;3;2;3;4;3;3;4;1;1;5;3;5;3;3;5;3;3;1;4;5;3;4;3;4;1;4
855;07/07/2024;1;5;1;3;0;1;1;3;2;2;2;3;3;3;3;3;3;3;2;3;3;3;3;3;3;3;3;3;3;3;2;3;3;3;3;3;3;3;3;3;2;3;1;2;2;4;1;1;5;2;4;1;1;4;1;1;1;1;4;4;4;1;4;1;4
856;07/07/2024;2;4;0;0;2;4;4;2;1;1;1;2;4;2;2;3;3;2;3;1;2;2;1;2;3;2;3;3;3;3;2;2;3;2;3;2;2;2;3;3;2;3;3;4;3;5;1;2;5;3;5;1;1;4;2;4;1;2;5;4;4;2;4;2;4
857;07/07/2024;2;5;0;0;2;1;1;7;1;1;2;2;3;2;2;3;3;2;3;1;2;2;1;2;3;3;3;2;1;1;2;2;2;3;3;1;2;2;2;3;3;2;5;5;1;4;3;1;3;2;3;1;3;4;3;3;1;2;4;4;4;2;3;5;4
858;07/07/2024;3;1;0;0;2;1;1;7;1;1;1;2;1;4;3;4;3;3;2;2;4;4;3;3;3;3;2;4;4;3;3;3;4;4;4;3;3;3;3;3;3;3;3;4;3;3;2;4;2;3;1;3;4;4;3;4;3;3;4;2;4;2;2;4;4
859;07/07/2024;3;5;0;0;2;4;4;3;1;3;2;1;2;2;2;2;2;2;2;2;2;2;2;2;3;3;2;2;2;2;2;2;2;3;2;2;3;2;2;2;2;2;3;4;3;3;2;2;4;3;4;3;3;2;3;4;2;2;4;2;3;3;3;4;4
860;07/07/2024;2;5;0;0;2;4;4;3;1;3;2;3;3;3;2;3;2;2;2;2;3;3;2;2;3;2;2;2;3;2;2;2;3;3;2;2;3;3;2;3;2;3;3;3;2;5;1;1;5;3;5;1;1;3;3;3;5;1;5;4;4;1;5;1;4
861;07/07/2024;2;2;0;0;1;1;1;5;1;3;2;3;3;3;3;3;3;3;3;2;3;3;3;3;3;3;3;3;3;3;3;3;3;3;3;3;3;3;3;3;2;3;3;3;1;5;1;2;5;3;5;5;1;4;2;4;1;2;5;2;2;1;4;1;4
862;08/07/2024;2;3;0;0;2;3;3;3;1;1;1;2;3;2;2;3;3;1;1;1;1;2;1;1;1;2;3;2;2;2;1;2;2;2;3;3;2;2;2;2;1;3;4;3;3;4;1;1;5;3;3;2;1;1;3;4;1;3;4;3;3;2;4;2;4
863;08/07/2024;2;3;0;0;2;2;2;2;1;3;1;1;1;1;2;2;1;1;2;1;1;1;1;1;1;1;2;1;1;3;1;1;1;1;1;1;1;1;1;1;1;1;4;2;2;3;1;3;4;3;5;2;4;3;3;4;1;1;3;3;4;3;4;1;4
864;08/07/2024;2;5;0;0;2;3;3;3;1;3;1;2;3;3;3;4;2;2;2;2;3;1;2;2;4;2;3;3;2;3;2;2;3;2;3;3;3;3;1;2;3;2;1;2;1;4;1;1;5;1;5;1;1;4;2;3;1;1;5;4;4;1;5;2;4
865;08/07/2024;1;2;3;3;0;4;2;3;1;3;2;1;2;2;3;3;1;2;2;1;2;1;1;1;4;2;2;1;1;1;1;1;1;3;1;1;1;1;1;1;1;1;5;5;5;4;1;1;5;4;2;1;1;1;3;5;1;1;5;2;5;5;5;1;4
866;08/07/2024;2;3;0;0;2;3;2;2;1;3;2;2;2;2;3;3;3;2;2;2;2;2;2;1;2;3;3;3;2;3;2;2;2;3;3;2;2;2;2;2;2;2;4;4;5;3;2;3;4;4;4;2;2;2;3;3;2;3;3;3;3;3;3;3;4
867;08/07/2024;3;2;0;0;2;2;2;3;1;3;2;1;3;3;3;1;2;3;2;1;3;2;1;2;3;3;3;3;3;3;2;2;3;2;2;3;2;3;3;2;1;1;4;4;4;4;4;3;4;4;3;2;2;1;3;4;2;3;5;3;3;3;3;3;4
868;08/07/2024;1;4;1;3;0;3;2;3;4;4;2;2;2;3;3;3;2;3;2;2;3;3;2;3;3;2;3;3;3;3;3;2;3;3;3;3;3;3;3;3;2;3;3;3;4;4;1;1;4;3;4;1;2;3;3;3;1;2;4;5;5;2;4;3;4
869;08/07/2024;3;3;0;0;2;2;2;2;1;1;2;3;3;4;4;3;3;3;3;3;4;4;3;4;4;4;3;4;4;4;4;3;3;3;3;3;3;3;4;3;2;3;3;3;2;4;1;2;5;1;5;1;1;3;1;2;1;1;4;4;5;1;4;1;4
870;08/07/2024;1;4;1;3;0;1;1;3;2;1;2;2;3;4;3;3;3;4;3;2;4;2;2;3;3;2;3;3;3;3;4;2;3;3;2;1;3;2;4;3;1;4;2;2;3;4;1;1;5;1;5;1;1;4;2;2;1;1;5;5;5;1;5;2;4
871;08/07/2024;1;5;1;2;0;2;2;4;4;1;2;3;3;3;2;3;2;3;2;2;2;2;2;3;3;3;2;3;2;2;2;2;2;3;2;2;2;3;3;2;2;2;3;4;4;4;2;3;4;3;4;2;2;3;3;3;4;3;4;4;4;3;4;3;4
872;08/07/2024;2;5;0;0;2;4;4;1;1;2;1;2;3;3;2;4;3;3;4;2;3;3;3;3;3;1;3;3;3;3;3;3;3;4;3;3;4;3;3;3;3;3;3;3;3;5;1;3;5;3;5;3;4;3;3;3;1;3;5;3;5;3;3;1;4
873;08/07/2024;1;3;1;1;0;3;2;3;4;4;2;2;3;3;2;4;3;3;2;2;4;3;2;3;4;3;3;3;3;3;3;3;3;3;3;2;3;3;3;3;1;3;2;3;2;4;1;1;5;1;4;2;1;4;2;3;1;2;5;4;4;1;4;3;4
874;08/07/2024;2;4;0;0;2;1;1;2;1;1;1;2;3;4;3;3;2;4;3;2;4;4;2;4;3;2;3;3;3;3;4;2;3;3;3;2;3;3;4;4;1;3;3;2;2;4;1;1;5;2;5;1;1;4;1;2;1;2;5;4;5;1;5;2;4
875;08/07/2024;2;2;0;0;2;1;1;2;1;1;2;4;4;4;4;4;4;4;3;3;4;4;4;4;4;2;4;4;4;4;4;4;4;2;4;4;4;4;4;4;2;2;1;2;1;4;1;1;5;1;3;1;1;3;1;1;1;1;5;1;5;1;5;1;4
876;08/07/2024;2;5;0;0;2;2;2;2;1;1;1;3;3;4;3;3;3;3;3;2;4;4;2;3;3;2;3;3;3;3;4;2;3;2;2;2;2;2;2;2;2;3;3;3;2;4;1;3;5;3;1;1;1;4;1;3;1;3;4;5;5;1;5;1;4
877;08/07/2024;2;3;0;0;2;1;1;2;1;1;2;4;4;4;3;3;3;4;3;2;4;4;2;2;3;3;3;3;3;4;4;3;4;4;4;4;4;4;4;4;4;4;1;3;1;4;1;2;5;2;5;3;1;4;1;2;1;2;4;4;4;1;4;1;4
878;08/07/2024;1;5;1;2;0;2;2;4;1;1;2;2;2;2;3;3;3;3;1;1;3;3;1;3;3;3;2;3;2;2;2;3;2;2;2;2;3;2;2;2;3;2;3;3;3;4;1;1;5;3;4;1;1;3;2;3;1;2;4;4;4;2;4;2;4
879;08/07/2024;1;5;1;2;0;1;1;4;4;4;2;3;3;3;3;3;3;2;2;2;3;3;2;2;4;3;3;3;2;3;3;2;3;3;3;2;2;3;3;2;3;3;3;3;3;3;1;3;5;3;4;1;1;4;3;4;1;3;4;4;4;3;4;1;4
880;08/07/2024;1;2;4;3;0;1;1;2;2;2;2;2;3;4;3;3;2;3;1;2;4;4;3;2;4;3;3;3;3;3;3;2;2;1;3;1;2;2;3;4;1;4;4;3;4;5;1;2;5;3;3;2;3;4;2;4;1;3;4;2;4;3;4;1;4
881;09/07/2024;2;5;0;0;2;2;2;2;1;3;2;3;3;3;3;2;3;3;3;3;3;3;2;2;3;3;3;3;3;3;3;3;3;3;3;2;3;3;3;3;2;3;3;3;3;5;1;1;5;3;5;1;2;5;1;2;1;1;5;5;5;1;3;1;4
882;09/07/2024;2;4;0;0;2;2;2;2;1;3;1;2;3;2;2;2;2;2;3;2;3;2;2;2;2;2;3;2;3;3;3;2;3;3;3;2;2;3;3;3;2;3;1;1;2;4;1;1;5;3;3;1;1;5;1;3;1;3;5;4;5;3;3;1;4
883;09/07/2024;1;2;1;3;0;1;1;3;2;1;2;3;3;4;4;3;3;3;3;3;3;4;3;4;3;3;3;3;3;3;4;3;3;3;3;4;2;3;3;3;2;3;1;1;1;4;1;1;5;1;4;1;1;4;1;1;1;1;5;5;4;1;5;2;4
884;09/07/2024;2;5;0;0;2;4;4;2;1;1;2;1;1;1;2;2;2;2;2;2;2;2;2;2;3;2;2;2;2;2;2;2;2;3;2;1;3;2;3;2;2;2;3;3;2;5;1;1;5;3;4;1;1;4;4;3;1;2;5;3;5;3;3;1;4
885;09/07/2024;2;5;0;0;2;2;2;2;1;1;2;1;1;1;1;1;1;1;1;2;1;2;1;1;3;2;2;2;2;3;1;1;2;1;3;1;2;1;3;3;3;3;3;3;1;3;1;5;4;3;3;1;3;3;3;3;1;3;3;3;3;1;3;1;4
886;09/07/2024;2;1;0;0;2;1;1;2;1;1;2;3;3;3;3;3;3;3;3;2;3;3;2;2;3;2;3;3;3;3;3;3;3;3;3;3;3;2;3;3;2;3;2;3;2;4;1;1;4;1;5;1;1;4;2;3;1;2;4;4;5;1;4;2;4
887;09/07/2024;2;3;0;0;2;2;2;3;1;1;2;3;3;3;3;3;3;3;3;3;3;3;3;3;3;3;3;3;3;3;3;3;3;3;3;3;3;3;3;3;3;3;2;3;1;3;1;1;5;1;3;1;1;4;1;3;1;1;5;5;3;1;5;1;4
888;09/07/2024;2;5;0;0;2;4;2;1;1;1;2;2;2;2;2;3;2;1;2;2;2;1;1;1;3;1;2;2;2;3;3;1;1;1;1;1;2;2;1;3;2;2;5;5;5;2;2;5;2;5;1;3;5;1;3;5;2;5;2;2;5;5;1;2;4
889;09/07/2024;2;2;0;0;2;1;1;2;1;1;1;2;3;3;3;3;2;2;2;1;3;3;1;2;3;3;2;3;3;3;3;2;3;3;3;1;3;2;3;4;2;4;5;5;5;4;1;1;5;3;5;1;1;1;2;3;1;2;4;3;4;3;4;1;4
890;09/07/2024;1;4;1;3;0;4;4;3;1;3;2;3;2;3;3;3;3;2;2;2;3;3;2;3;3;2;2;3;3;2;3;3;3;3;2;1;3;3;2;3;3;2;3;3;3;5;1;2;5;3;5;2;4;2;3;3;1;2;3;3;4;1;3;4;4
891;09/07/2024;2;5;0;0;2;2;2;2;1;3;1;2;4;3;3;3;3;3;2;2;3;3;2;3;3;3;3;3;3;3;3;3;3;3;3;3;2;3;3;3;3;3;2;3;3;4;1;1;5;2;3;1;3;4;1;3;1;1;5;3;5;1;5;3;4
892;09/07/2024;2;4;0;0;2;3;3;3;1;3;1;3;3;3;3;3;3;3;3;2;3;3;3;2;3;2;3;2;3;3;3;3;3;3;3;3;3;3;3;3;3;3;3;1;1;5;1;1;5;1;5;1;1;4;1;3;1;1;5;4;4;1;4;2;4
893;09/07/2024;2;2;0;0;2;2;2;1;2;2;2;3;4;3;3;2;2;2;2;2;2;2;3;1;3;3;4;3;3;3;2;3;3;2;3;2;3;3;1;3;2;3;3;3;2;4;1;1;5;2;5;1;1;3;3;1;1;1;2;5;2;2;5;1;4
894;10/07/2024;2;5;0;0;2;4;4;2;1;3;2;3;3;3;3;3;3;3;3;3;3;3;3;3;3;3;3;3;3;3;3;3;3;3;3;3;3;3;3;3;3;3;3;3;1;5;1;1;5;1;5;1;1;5;1;3;1;1;5;3;5;1;5;1;4
895;10/07/2024;2;5;0;0;2;4;4;2;1;1;2;2;1;1;1;1;2;1;1;2;1;1;2;2;3;2;2;1;2;2;1;1;2;2;2;1;2;2;2;2;2;3;4;3;4;4;1;3;5;3;4;1;1;4;3;3;1;3;5;4;5;3;4;4;4
896;10/07/2024;2;2;0;0;2;1;1;3;1;3;1;3;3;3;2;3;2;2;3;1;3;2;2;3;3;3;3;3;3;3;3;3;3;3;3;2;3;2;3;3;3;3;3;3;1;4;1;1;5;1;3;1;3;3;3;3;1;1;4;4;4;1;4;2;4
897;10/07/2024;1;5;1;3;0;4;4;7;1;3;2;3;2;2;3;2;2;2;2;2;3;2;3;1;3;2;2;3;2;2;3;2;3;2;2;1;3;2;3;2;3;3;4;4;3;4;1;3;4;3;4;2;2;2;3;4;1;3;4;4;4;3;3;4;4
898;10/07/2024;1;2;1;1;0;2;2;4;4;4;2;3;3;3;2;4;3;3;2;2;4;4;2;3;3;3;3;2;2;2;3;3;3;3;3;1;3;3;3;2;3;3;4;4;4;5;1;4;4;5;3;1;1;2;4;5;1;3;5;4;4;4;3;1;4
899;10/07/2024;2;4;0;0;2;3;3;2;1;1;1;3;2;2;3;3;3;2;3;2;2;3;2;3;2;3;2;3;3;3;2;3;3;3;2;2;3;3;3;3;3;3;2;3;3;5;1;3;5;2;5;1;3;2;3;5;2;2;5;3;5;1;5;5;4
900;10/07/2024;1;2;4;3;0;2;2;3;2;1;2;2;3;2;2;3;3;1;1;2;3;1;2;2;2;3;3;3;3;3;3;2;3;3;3;2;3;2;2;3;3;3;3;4;3;4;2;2;5;4;4;1;2;4;3;4;1;2;3;3;4;3;3;3;4
901;10/07/2024;1;2;1;1;0;2;2;6;4;4;2;3;3;4;3;4;4;4;2;2;4;4;2;3;4;4;3;4;3;3;4;3;3;3;3;2;3;3;4;3;2;3;3;3;3;4;1;1;4;2;4;1;1;4;1;3;1;2;4;4;5;2;4;1;4
902;10/07/2024;3;1;0;0;2;1;1;1;1;1;2;3;1;3;3;4;3;4;2;3;4;4;3;3;3;3;2;3;3;3;3;3;3;3;2;4;3;3;4;3;3;3;3;3;4;3;1;1;5;3;5;1;3;3;3;3;1;1;3;5;5;1;5;1;4
903;10/07/2024;2;1;0;0;2;1;1;7;1;1;2;4;4;4;4;4;4;4;4;3;4;4;3;4;4;3;4;4;4;4;4;4;4;4;4;4;4;4;4;4;4;4;3;1;1;5;1;1;5;2;4;1;1;4;1;1;1;1;5;5;5;1;5;2;4
904;10/07/2024;2;2;0;0;2;1;1;5;1;1;1;3;2;3;2;2;2;3;2;2;3;3;2;4;2;3;2;2;3;3;2;2;2;2;2;3;2;3;3;3;2;3;3;3;2;5;1;1;5;2;5;1;1;4;1;3;1;1;5;5;5;2;5;3;4
905;10/07/2024;2;3;0;0;2;1;1;2;1;1;2;3;3;3;3;3;3;3;2;3;3;4;3;2;3;3;3;3;2;3;3;2;3;3;3;2;2;3;3;3;2;3;3;3;4;3;2;3;5;3;4;3;4;4;3;3;2;3;4;3;4;2;4;1;4
906;10/07/2024;2;3;0;0;2;1;1;2;1;1;1;4;3;3;3;4;3;3;2;3;4;4;2;2;3;3;3;3;2;3;3;3;2;3;3;2;3;3;3;3;2;4;3;4;3;3;2;2;4;2;3;2;1;2;2;4;3;4;3;3;2;3;4;1;4
907;10/07/2024;2;3;0;0;2;1;1;3;1;1;1;3;3;3;3;2;3;3;2;2;3;3;2;2;3;3;3;3;3;3;3;3;3;3;3;3;3;3;3;3;2;3;3;4;3;5;1;2;5;2;4;1;1;4;1;3;1;3;5;4;4;3;4;1;4
908;10/07/2024;3;3;0;0;2;2;1;1;2;1;2;3;3;2;2;2;3;2;1;3;3;3;3;3;3;2;3;3;3;3;3;2;3;3;3;1;3;3;2;2;2;3;2;4;1;3;1;1;5;2;5;1;2;4;2;3;1;2;2;3;4;1;2;1;4
909;10/07/2024;2;5;0;0;2;3;3;2;1;1;1;2;3;2;3;3;2;2;2;1;1;2;1;1;1;1;3;1;2;2;2;1;2;2;2;1;3;2;3;3;3;3;4;4;2;3;1;1;1;3;1;3;3;3;3;3;1;3;5;5;5;1;4;1;4
910;10/07/2024;2;3;0;0;2;1;1;2;1;1;1;2;2;2;2;3;2;3;2;2;3;3;3;2;3;2;1;2;3;3;3;3;3;3;2;3;3;2;3;3;3;3;3;3;2;5;1;2;5;2;3;3;2;2;2;2;1;1;5;5;5;2;5;1;4
911;10/07/2024;2;5;0;0;2;4;4;1;2;1;2;3;3;3;2;3;3;3;2;2;3;3;2;3;3;2;3;3;3;3;3;2;2;2;3;2;3;2;3;2;2;2;2;2;1;5;1;1;5;1;4;1;1;5;1;1;1;1;4;1;5;1;4;1;4
912;10/07/2024;2;4;0;0;2;1;1;1;2;1;2;3;3;4;3;3;3;3;2;2;3;3;2;3;3;3;3;3;3;3;4;3;3;3;3;3;3;3;3;3;3;3;2;2;3;5;1;1;5;2;4;1;2;4;1;1;1;2;5;5;5;1;5;1;4
913;10/07/2024;1;2;4;3;0;1;1;2;2;1;2;3;3;3;3;3;3;3;3;3;3;3;3;3;3;3;3;3;3;3;3;3;3;3;3;3;3;3;3;3;2;3;2;2;2;3;1;2;5;2;3;4;1;4;2;3;1;2;4;4;4;2;4;3;4
914;10/07/2024;2;4;0;0;2;1;1;2;1;4;2;3;3;4;3;3;3;4;3;4;4;4;4;3;3;3;4;4;3;4;4;3;3;3;3;3;3;3;4;4;3;3;1;2;1;1;1;1;1;1;1;1;1;5;1;1;1;2;5;4;5;1;5;1;4
915;10/07/2024;2;5;0;0;2;1;1;2;1;1;2;3;2;3;3;3;2;2;3;2;3;2;2;2;3;3;2;2;3;3;2;2;3;1;2;2;2;3;3;3;3;3;3;5;3;4;1;3;4;3;3;1;3;3;3;3;1;3;4;4;4;3;4;5;4
916;10/07/2024;3;4;0;0;2;4;4;1;1;1;2;3;3;3;3;3;3;3;3;3;4;4;3;3;3;3;3;3;3;3;3;3;3;3;3;3;3;3;3;3;3;3;3;3;2;5;1;1;5;3;5;5;4;5;1;3;1;2;5;5;5;3;5;1;4
917;10/07/2024;2;5;0;0;2;4;4;2;4;4;2;3;3;3;3;3;3;3;3;3;3;3;3;3;3;2;3;3;3;2;3;3;3;3;3;2;3;3;3;3;3;3;3;4;1;5;1;1;4;3;5;1;1;3;1;3;4;2;4;4;4;2;3;2;4
918;10/07/2024;3;2;0;0;2;1;1;1;2;2;2;3;3;3;2;2;3;3;2;2;3;3;3;3;3;3;3;3;3;3;3;3;3;3;3;2;3;3;3;3;2;3;2;2;2;4;1;2;5;1;5;1;1;4;2;3;1;2;4;4;4;1;4;1;4
919;10/07/2024;1;1;1;3;0;2;1;7;2;2;2;3;3;4;3;4;3;3;3;3;3;3;3;4;3;3;3;3;3;3;3;3;3;3;3;3;3;3;3;3;3;3;3;3;2;4;1;1;5;2;4;1;3;3;2;5;1;3;3;3;4;2;3;3;4
920;10/07/2024;2;3;0;0;2;2;2;1;2;2;2;2;2;3;2;3;2;2;2;1;3;3;1;2;2;2;1;3;2;2;2;2;2;2;2;3;2;3;2;2;2;2;5;5;5;5;1;5;5;3;5;3;4;2;1;5;1;5;5;3;5;1;5;1;4
921;10/07/2024;2;4;0;0;2;1;1;1;2;2;2;3;2;3;3;3;3;2;3;2;4;4;2;3;3;2;3;3;3;2;3;2;3;3;2;1;3;3;3;2;2;2;3;3;3;5;1;3;5;2;5;1;1;2;1;3;5;3;5;5;5;1;5;1;4
922;10/07/2024;3;1;0;0;2;1;1;1;2;3;1;4;3;3;2;2;2;2;2;2;2;2;2;1;3;3;2;3;2;2;2;1;3;3;2;4;3;3;1;2;2;3;1;2;2;5;1;1;5;1;5;1;1;5;1;1;1;2;5;5;5;1;5;1;4
923;10/07/2024;2;5;0;0;2;4;4;1;1;3;2;3;3;3;3;3;3;3;3;2;3;3;2;2;3;2;3;3;3;3;3;3;3;3;3;3;3;3;3;3;3;3;3;3;2;5;1;1;5;3;4;1;1;4;3;4;1;1;5;4;5;1;5;1;4
924;10/07/2024;2;5;0;0;2;4;4;1;1;3;2;3;3;3;3;3;3;2;2;2;3;2;3;2;3;2;3;3;2;2;3;2;3;3;3;3;3;3;3;3;3;3;3;3;2;4;1;1;5;3;5;1;1;3;1;3;1;1;5;5;4;2;4;1;4
925;10/07/2024;2;5;0;0;2;4;4;1;1;3;1;3;3;3;2;3;3;2;2;2;3;3;2;1;3;3;3;2;3;2;4;3;3;3;2;2;3;3;1;3;2;3;4;3;1;4;1;1;5;3;1;1;1;5;3;3;1;1;5;5;5;1;5;1;4
926;11/07/2024;2;3;0;0;2;3;3;2;1;3;2;2;3;1;3;3;3;1;3;1;1;1;1;1;3;2;3;3;3;3;1;1;3;3;3;1;3;3;3;3;1;3;4;4;4;4;1;2;5;4;3;3;4;2;4;4;1;2;3;3;3;3;2;1;4
927;11/07/2024;2;4;0;0;2;4;4;7;1;3;2;2;1;1;1;1;1;1;1;1;1;1;1;1;1;1;1;2;2;2;2;2;2;2;2;2;2;2;2;2;1;2;4;4;3;3;3;3;3;3;2;2;2;2;2;2;3;2;3;1;2;2;2;1;4
928;11/07/2024;2;3;0;0;2;3;3;1;2;2;2;2;2;2;2;2;2;2;2;2;1;2;2;2;2;2;2;2;2;2;1;1;2;2;2;1;2;2;1;2;2;2;4;4;4;5;1;3;5;4;3;3;3;3;4;3;1;3;5;3;4;4;3;3;4
929;11/07/2024;1;4;1;3;0;1;1;2;1;3;1;2;3;3;4;3;1;1;2;2;2;3;2;2;3;1;3;2;3;3;1;2;3;1;3;1;2;3;2;3;1;4;2;3;1;4;1;2;5;1;4;1;3;4;1;3;2;3;4;4;4;1;4;1;4
930;11/07/2024;2;4;0;0;2;4;4;2;1;3;2;3;3;1;3;3;3;1;2;1;1;1;1;1;3;3;3;3;3;3;1;1;3;3;3;2;3;3;4;4;2;3;4;3;1;5;1;1;5;2;5;3;2;3;1;5;1;1;5;5;5;3;5;4;4
931;11/07/2024;2;5;0;0;2;4;4;2;1;3;1;3;3;1;3;3;1;1;2;1;1;1;1;1;3;2;3;2;2;2;1;1;2;3;3;1;3;3;4;3;2;3;4;4;1;5;1;3;5;3;5;2;2;5;2;5;1;2;5;4;5;2;5;1;4
932;11/07/2024;2;4;0;0;2;4;4;2;1;3;2;3;1;1;3;3;2;1;2;1;1;2;2;1;3;3;3;2;2;2;1;1;2;3;2;1;3;3;1;3;3;3;3;5;3;4;1;2;5;3;3;4;3;2;3;4;1;3;4;3;4;3;3;5;4
933;11/07/2024;2;3;0;0;2;3;3;2;1;3;2;2;3;3;2;2;2;1;2;1;3;2;1;1;4;3;3;3;3;3;2;2;3;2;3;1;3;2;2;2;3;2;3;3;2;4;1;1;4;3;3;3;3;3;3;3;1;2;5;3;4;3;3;3;4
934;11/07/2024;2;4;0;0;2;1;1;3;1;3;1;1;2;3;3;2;3;3;2;1;2;2;1;2;1;1;3;2;2;4;4;1;1;1;2;1;1;1;1;1;1;2;2;4;1;4;4;1;3;1;4;1;1;2;3;4;1;2;4;2;1;1;4;4;4
935;11/07/2024;2;5;0;0;2;4;4;3;1;3;2;2;2;1;2;2;2;1;2;1;1;1;2;1;3;2;3;3;3;3;2;2;3;2;3;2;3;2;2;2;3;3;3;4;3;4;1;2;4;3;4;2;2;3;2;4;1;2;4;2;3;3;4;1;4
936;11/07/2024;2;5;0;0;2;4;4;2;1;3;2;1;2;1;3;1;2;1;1;1;2;2;1;1;3;2;3;2;2;3;2;2;2;3;1;2;3;3;1;2;3;2;5;5;5;5;1;3;5;4;5;2;3;2;4;5;1;2;4;2;4;3;2;1;4
937;11/07/2024;2;5;0;0;2;4;4;2;1;3;2;3;3;3;3;3;3;2;2;2;3;3;2;2;2;3;3;2;2;3;3;2;3;3;2;3;3;2;2;3;2;3;3;4;3;4;1;2;5;3;3;2;2;3;2;4;1;3;4;3;3;2;4;3;4
938;11/07/2024;2;5;0;0;2;4;4;1;1;3;2;4;4;4;3;4;3;4;2;2;4;4;4;4;3;4;3;4;2;4;4;3;4;3;3;3;3;3;3;3;3;3;3;3;3;4;1;2;5;3;3;1;2;5;1;3;1;2;5;2;5;3;5;1;4
939;11/07/2024;3;2;0;0;2;3;2;1;1;3;1;1;2;2;3;1;3;2;2;1;2;1;1;3;4;2;1;3;2;3;2;2;2;3;1;3;3;3;2;2;3;2;4;3;3;4;3;3;3;3;4;2;4;3;2;3;1;3;4;3;5;3;2;3;4
940;11/07/2024;1;5;1;3;0;1;1;2;1;3;2;2;3;2;2;3;2;2;2;1;2;2;2;2;4;3;3;2;2;2;2;2;2;3;3;2;3;2;2;2;1;3;3;4;3;3;1;2;5;3;4;2;3;3;3;4;1;2;4;4;4;3;3;2;4
941;11/07/2024;2;5;0;0;2;4;4;7;1;3;2;1;3;1;4;3;3;1;1;1;4;3;1;2;2;3;3;2;3;2;2;2;2;2;3;1;2;3;1;1;2;1;3;3;2;4;1;2;5;3;4;3;2;4;1;3;1;2;5;4;3;2;5;1;4
942;11/07/2024;2;5;0;0;2;1;1;7;1;3;2;3;3;3;3;3;2;2;2;2;2;2;2;2;3;2;2;2;2;2;2;2;2;2;2;2;2;2;2;2;2;2;4;4;3;4;1;1;5;3;5;2;2;4;2;4;1;2;5;5;4;2;5;2;4
943;11/07/2024;3;4;0;0;2;3;2;7;1;3;1;1;2;1;3;3;2;1;2;2;2;2;2;2;3;3;2;2;3;3;2;1;3;2;3;1;3;3;1;1;4;1;4;4;4;5;1;1;4;3;3;3;3;2;3;3;1;2;4;4;4;2;3;3;4
944;11/07/2024;3;4;0;0;2;1;1;1;1;1;2;3;3;3;3;3;3;3;3;1;3;3;1;1;3;1;1;3;3;3;3;3;3;3;3;3;3;3;3;3;3;3;2;2;1;5;1;1;4;1;5;3;1;5;1;1;1;2;4;5;5;1;4;2;4
945;11/07/2024;2;2;0;0;2;1;1;3;1;1;2;3;3;3;3;3;3;3;3;2;3;3;3;3;3;2;3;3;3;3;3;3;3;3;3;3;3;3;3;3;2;3;2;3;2;5;1;1;5;2;5;1;1;4;1;2;1;2;5;4;4;2;3;1;4
946;11/07/2024;2;3;0;0;2;2;3;1;1;1;1;2;2;2;2;2;3;2;2;1;2;1;1;1;3;2;2;2;2;3;3;2;2;2;3;2;3;2;2;2;2;2;5;5;3;2;3;5;3;5;4;3;3;2;2;5;3;2;1;2;2;5;2;2;4
947;11/07/2024;2;5;0;0;2;1;1;2;1;1;1;3;3;4;3;3;3;3;3;2;3;3;2;3;3;3;3;3;3;3;3;3;3;3;3;3;3;3;3;3;1;3;3;4;4;4;1;3;5;3;4;3;3;3;2;4;3;4;3;2;4;3;3;4;4
948;11/07/2024;2;5;0;0;2;1;1;2;1;1;2;3;2;2;3;3;3;3;1;1;3;4;1;1;2;2;2;2;3;3;3;3;3;1;2;1;2;3;3;3;3;1;4;5;4;5;1;3;4;4;2;1;2;4;4;4;1;2;3;3;4;3;3;1;4
949;11/07/2024;2;3;0;0;2;3;3;1;2;1;2;2;1;4;3;3;3;3;3;1;4;4;1;3;3;4;3;3;3;3;3;3;3;3;3;3;3;3;3;3;2;3;3;3;2;3;2;1;4;3;4;3;3;4;3;3;2;2;3;4;5;3;4;1;4
950;11/07/2024;3;5;0;0;2;4;4;7;1;1;2;3;3;4;3;3;3;3;3;3;4;4;3;3;3;3;3;3;3;3;3;3;3;3;3;3;3;3;3;3;3;3;2;2;2;3;1;1;5;1;5;1;1;5;1;2;1;1;5;5;5;1;5;1;4
951;11/07/2024;2;5;0;0;2;4;4;1;1;1;2;3;3;3;2;3;2;2;3;2;2;2;2;1;2;3;2;3;2;3;3;2;3;3;2;3;3;3;2;3;2;2;3;3;2;5;1;1;5;3;5;1;1;4;1;3;1;1;5;5;4;1;5;1;4
952;11/07/2024;1;5;1;3;0;2;2;7;2;1;2;3;3;3;3;3;3;3;3;3;4;3;3;3;3;3;3;3;3;3;3;3;3;3;3;3;3;2;3;3;2;3;2;2;1;4;1;1;4;1;1;2;1;4;1;1;4;1;4;4;4;1;4;2;4
953;11/07/2024;3;1;0;0;2;1;1;1;1;1;2;2;2;2;2;1;1;1;2;2;2;2;1;1;1;1;1;2;2;1;3;3;2;2;2;2;2;1;1;2;2;3;5;5;5;2;2;3;2;5;2;2;3;2;3;5;2;2;2;2;5;4;3;2;4
954;11/07/2024;3;1;0;0;2;1;1;1;1;1;1;2;2;3;2;1;3;1;2;2;3;3;2;1;2;3;2;2;2;3;3;2;2;3;2;1;2;3;2;2;2;2;4;4;3;1;1;1;5;2;5;1;1;4;1;3;1;1;5;5;5;2;5;1;4
955;11/07/2024;3;1;0;0;2;1;1;1;1;1;2;3;2;1;1;3;2;2;2;2;3;3;3;1;3;2;3;3;2;2;3;2;2;2;3;1;3;3;3;3;3;3;2;4;2;5;1;1;5;2;3;1;1;2;1;2;5;2;5;3;5;1;4;5;4
956;11/07/2024;3;3;0;0;2;3;3;7;1;1;2;3;3;4;3;3;3;3;3;2;3;4;3;3;3;3;3;3;3;3;3;3;3;3;3;3;3;3;3;3;3;3;3;3;3;5;1;1;5;3;4;5;1;3;2;3;1;1;5;4;4;2;4;4;4
957;11/07/2024;2;3;0;0;2;1;1;7;1;1;2;3;4;3;3;4;3;4;2;2;3;3;3;3;4;3;3;4;3;4;4;4;3;3;3;4;4;3;4;4;3;3;3;3;2;4;1;2;5;2;4;1;1;3;2;3;1;2;4;4;5;1;5;3;4
958;11/07/2024;2;2;0;0;2;1;1;7;1;1;1;3;3;3;4;4;3;3;3;3;3;3;3;3;3;3;4;4;3;4;3;4;4;3;4;4;4;3;3;4;3;4;1;1;1;3;1;1;5;1;5;1;1;5;1;1;1;1;5;5;5;1;4;1;4
959;11/07/2024;1;1;1;1;0;1;1;1;1;1;1;1;1;1;1;1;1;1;2;1;2;1;2;2;2;1;1;1;1;1;1;1;1;1;1;1;1;1;1;1;1;1;1;2;1;1;3;2;2;1;2;2;2;5;4;4;3;2;2;1;1;3;5;3;4
960;11/07/2024;1;2;4;3;0;1;1;7;2;2;2;3;4;4;4;4;3;4;4;3;4;4;3;4;4;3;3;4;4;4;3;4;4;4;4;4;3;3;4;4;2;4;2;2;1;5;1;1;5;1;4;1;1;5;1;1;1;1;4;5;4;1;5;1;4
961;11/07/2024;3;2;0;0;2;1;1;6;4;4;2;2;3;3;4;3;3;3;3;2;4;4;2;4;3;2;3;3;3;3;4;3;3;4;3;3;2;3;4;3;2;3;3;3;2;3;1;1;5;2;5;1;1;4;1;3;1;2;4;4;5;2;5;1;4
962;11/07/2024;2;5;0;0;2;2;2;1;2;2;2;3;3;3;2;3;3;1;2;2;3;2;2;2;3;3;3;2;2;2;2;2;3;3;3;1;3;3;2;3;3;3;3;4;2;5;1;1;5;3;2;4;4;4;1;3;3;2;5;3;4;1;5;1;4
963;11/07/2024;2;5;0;0;2;2;2;2;1;2;1;3;3;3;2;2;3;2;2;2;3;3;2;2;2;2;2;2;3;3;2;2;2;3;2;2;3;3;2;3;2;2;3;3;3;4;1;1;5;2;4;1;1;4;2;3;1;2;4;5;4;3;4;1;4
964;11/07/2024;2;3;0;0;2;1;1;3;1;1;2;3;3;3;2;3;3;3;2;2;3;3;2;2;3;3;3;2;3;3;3;2;3;3;3;2;3;3;3;3;3;3;3;2;2;3;1;2;5;1;4;2;2;3;2;2;1;1;3;3;3;2;4;2;4
965;11/07/2024;1;5;1;1;0;4;4;4;4;1;2;2;3;4;3;4;4;3;2;1;4;4;1;3;3;4;2;3;3;2;3;1;2;3;2;2;3;3;3;2;2;3;3;3;2;4;2;1;5;3;4;2;3;4;3;3;1;2;4;4;5;2;5;2;4
966;11/07/2024;3;2;0;0;2;1;1;1;1;3;1;2;3;3;3;3;3;3;2;2;3;2;2;1;3;2;2;3;3;3;2;2;2;3;3;3;1;3;3;2;3;2;2;5;3;3;1;1;5;2;5;1;5;1;5;5;3;5;1;5;5;1;5;1;4
967;11/07/2024;2;4;0;0;2;1;4;2;1;3;2;3;3;3;3;3;3;3;2;3;3;3;3;2;3;3;3;3;3;3;3;3;3;3;3;3;3;3;3;3;3;3;2;3;1;4;1;1;5;1;3;1;1;4;1;3;1;1;5;5;5;1;5;1;4
968;11/07/2024;1;5;1;3;0;4;4;7;1;3;1;2;4;4;3;4;3;3;2;2;3;3;3;3;3;2;3;3;3;3;3;3;3;3;3;3;3;3;3;3;2;3;1;2;1;4;1;1;4;1;5;1;1;5;1;1;1;2;5;5;5;5;5;2;4
969;12/07/2024;2;3;0;0;2;3;3;7;1;3;1;1;4;4;3;4;3;3;3;1;3;3;1;2;3;3;3;4;3;3;3;3;3;3;3;3;3;3;3;3;3;3;1;1;1;5;1;1;5;1;5;1;1;5;1;1;1;1;5;5;5;1;5;1;4
970;12/07/2024;1;4;1;3;0;4;4;3;1;3;2;3;2;3;3;3;2;2;2;2;3;3;2;2;3;3;2;3;3;3;3;2;2;2;2;3;3;2;2;3;3;3;4;4;4;3;1;1;4;3;5;1;1;5;2;4;1;2;5;3;5;2;3;2;4
971;12/07/2024;2;5;0;0;2;4;4;2;1;3;2;2;3;2;2;2;2;2;2;2;2;2;2;2;3;2;3;2;2;3;2;2;2;2;2;2;3;2;2;3;2;2;3;3;3;3;2;3;4;3;3;3;3;2;2;3;2;3;3;3;3;3;3;2;4
972;12/07/2024;2;5;0;0;2;3;4;2;1;3;1;2;2;2;2;2;2;1;1;1;2;2;1;2;1;1;2;2;2;1;2;1;1;1;2;2;2;2;2;2;2;2;4;5;4;4;2;3;5;4;4;3;3;2;2;4;4;2;3;3;4;3;4;3;4
973;12/07/2024;2;1;0;0;2;1;1;7;1;3;1;3;4;4;3;3;2;3;3;3;3;3;3;3;3;3;3;3;3;3;3;3;3;3;3;3;3;3;3;3;3;3;2;2;1;3;1;1;5;1;5;1;1;5;1;1;1;1;5;5;4;1;5;1;4
974;12/07/2024;2;5;0;0;2;4;4;7;1;3;2;2;2;3;2;2;2;3;2;2;2;2;2;3;2;2;2;2;2;3;3;2;2;3;3;2;2;3;3;3;2;3;3;3;2;3;1;2;4;2;4;2;3;4;2;2;1;2;4;3;3;1;4;2;4
975;12/07/2024;2;5;0;0;2;1;1;7;1;3;2;3;3;3;3;3;3;3;3;2;3;3;2;3;3;3;3;3;3;3;3;3;3;3;3;3;3;3;3;3;3;2;3;3;2;4;1;1;5;2;3;2;1;3;2;2;1;2;4;4;5;2;5;3;4
976;12/07/2024;2;5;0;0;2;4;4;7;1;3;2;2;3;3;2;3;2;2;3;2;3;3;1;2;3;1;3;2;3;3;2;2;2;3;3;2;3;2;3;2;2;2;4;3;3;3;1;1;4;3;4;1;3;3;3;3;1;3;4;3;4;3;3;1;4
977;12/07/2024;3;3;0;0;2;3;3;1;1;3;2;1;3;3;3;1;3;3;3;1;3;3;1;1;3;3;3;3;3;3;3;3;3;3;3;3;3;3;3;3;1;3;2;3;1;5;1;1;5;2;2;1;1;5;1;5;1;1;5;5;5;2;5;1;4
978;12/07/2024;3;1;0;0;2;1;1;1;1;3;1;3;3;3;3;4;3;3;3;3;3;3;3;2;3;3;3;3;3;3;3;3;3;3;3;3;3;3;3;3;3;3;1;1;1;5;1;1;5;1;1;1;1;3;1;1;5;1;4;4;4;1;4;1;4
979;12/07/2024;2;2;0;0;2;4;2;1;1;3;2;3;3;3;3;3;3;2;2;2;3;3;2;3;3;2;3;3;3;3;2;3;3;3;2;3;3;3;2;3;3;2;3;3;1;5;1;1;5;3;5;1;3;5;1;3;1;3;5;5;5;3;5;1;4
980;12/07/2024;2;1;0;0;2;1;1;7;1;3;1;2;2;2;2;2;2;2;2;2;2;2;2;2;2;2;2;2;2;2;2;2;2;2;2;3;3;3;3;3;3;2;5;5;5;5;1;2;5;5;5;1;1;1;3;5;1;5;5;5;5;5;5;5;4
981;12/07/2024;2;1;0;0;2;1;1;7;1;3;1;3;3;3;3;3;3;3;3;3;3;3;3;3;3;3;3;3;3;3;3;3;3;3;3;3;3;3;3;3;3;3;2;3;3;5;1;2;5;2;5;1;1;4;1;2;1;2;4;4;4;1;5;1;4
982;12/07/2024;2;5;0;0;2;4;4;7;1;3;1;2;2;2;2;1;2;1;1;1;1;1;1;1;2;2;2;1;1;2;1;1;1;1;1;1;2;1;1;2;2;2;5;5;5;5;3;3;3;5;5;3;3;2;3;4;2;3;4;3;3;3;3;4;4
983;12/07/2024;2;1;0;0;2;1;1;7;1;3;1;2;2;3;2;2;3;2;2;2;3;2;2;3;3;3;3;2;3;3;3;1;2;2;3;1;3;2;2;2;2;3;2;2;1;5;1;1;5;1;4;1;2;4;2;3;1;2;5;5;5;1;5;1;4
984;12/07/2024;2;1;0;0;2;2;1;3;1;3;2;1;3;2;2;3;2;1;2;1;3;2;1;1;4;2;2;3;2;4;1;2;2;2;2;1;2;2;2;3;3;3;3;3;3;5;3;1;4;3;5;1;2;4;2;3;1;2;4;5;5;1;5;3;4
985;12/07/2024;2;2;0;0;2;1;1;7;1;3;2;1;2;1;3;3;3;2;2;1;2;2;2;2;3;3;3;2;2;3;3;2;2;2;3;2;3;3;3;3;3;2;5;5;4;5;1;3;5;5;3;1;1;3;3;5;2;3;3;3;4;2;3;1;4
986;12/07/2024;2;3;0;0;2;3;3;1;2;1;2;3;3;2;1;2;3;2;2;4;3;4;4;2;3;3;3;3;3;3;2;2;3;3;3;2;3;3;3;2;3;3;3;3;2;5;1;1;5;2;5;1;1;3;2;2;1;1;5;5;5;1;5;2;4
987;12/07/2024;2;3;0;0;2;3;3;1;2;1;2;3;3;2;2;2;3;1;1;4;3;3;3;1;4;3;3;3;2;3;2;1;3;3;3;1;3;3;2;1;3;3;3;2;2;5;1;1;5;1;5;1;1;4;1;2;1;1;5;5;5;1;5;2;4
988;12/07/2024;1;4;1;3;0;1;1;2;2;1;2;3;3;4;4;4;3;3;2;3;3;3;3;3;4;3;3;4;3;3;4;3;4;3;3;3;3;3;4;4;2;3;3;3;4;4;1;1;4;3;5;2;2;3;1;2;1;2;4;4;5;2;4;3;4
989;12/07/2024;2;4;0;0;2;3;3;2;1;1;2;1;1;1;1;1;1;1;1;1;1;2;1;1;3;1;2;1;1;3;1;1;1;2;2;1;2;1;2;1;1;3;5;5;5;5;1;5;5;5;5;5;5;1;5;5;1;5;5;2;1;5;1;5;4
990;12/07/2024;2;3;0;0;2;2;2;1;2;1;2;3;3;3;3;4;3;3;2;2;4;3;3;3;3;3;2;3;3;3;3;3;3;3;3;2;3;3;3;2;3;2;3;3;3;3;1;2;5;3;3;2;3;4;2;3;1;2;5;1;5;2;5;2;4
991;12/07/2024;2;1;0;0;2;1;1;2;1;1;2;3;2;3;3;3;2;4;3;2;4;3;2;3;3;3;3;3;2;3;3;3;3;3;3;3;3;3;3;3;3;3;3;4;3;5;1;2;5;3;3;2;4;2;2;5;1;2;5;3;5;1;5;1;4
992;12/07/2024;1;2;4;3;0;2;2;3;2;2;2;2;2;4;4;3;3;3;2;2;4;4;2;4;4;3;2;3;4;4;4;4;4;4;3;3;4;3;4;4;3;4;2;3;1;4;1;1;5;1;5;1;1;4;2;3;1;1;5;5;5;2;4;3;4
993;12/07/2024;1;3;1;3;0;3;3;3;1;3;2;2;3;1;2;2;1;1;1;1;2;2;1;1;4;2;2;2;2;3;1;1;2;3;3;2;3;2;1;2;2;3;4;5;4;4;3;3;4;4;4;3;3;3;3;4;2;3;4;4;4;3;5;5;4
994;12/07/2024;2;2;0;0;2;2;2;7;1;1;1;1;1;2;1;1;1;1;1;1;1;1;1;1;1;1;1;1;1;1;1;1;1;1;1;1;1;1;1;1;1;1;5;5;5;5;5;5;5;5;5;5;5;5;5;5;5;5;5;5;5;5;5;5;4
995;12/07/2024;2;4;0;0;2;4;4;2;1;1;2;3;3;2;3;4;2;2;3;2;3;3;2;2;3;3;3;3;3;3;2;2;3;3;3;3;3;3;1;2;2;2;3;2;1;3;1;1;5;2;5;1;1;4;1;1;1;1;5;4;5;2;4;1;4
996;12/07/2024;2;2;0;0;2;1;1;3;1;1;2;1;3;4;3;4;2;3;3;1;3;2;2;3;2;3;4;4;4;4;2;3;3;3;3;3;4;4;3;4;3;2;1;3;1;3;1;1;5;1;5;1;1;5;1;3;5;3;4;5;5;1;5;2;4
997;12/07/2024;3;4;0;0;2;4;4;3;1;3;2;3;3;3;3;3;3;2;2;2;3;3;2;2;3;2;2;3;3;2;2;3;3;3;2;3;2;3;3;2;2;2;3;3;2;5;1;1;5;2;5;1;1;4;2;3;2;3;4;4;4;2;3;1;4
998;12/07/2024;1;4;1;3;0;3;3;2;2;2;1;3;2;3;2;2;2;3;3;1;2;2;2;2;3;3;2;3;3;2;3;2;2;2;3;2;3;2;2;2;3;3;3;3;2;4;1;2;4;3;5;2;2;2;2;2;1;2;5;4;5;2;4;2;4
999;12/07/2024;2;4;0;0;2;4;4;7;1;3;2;2;3;2;2;3;2;2;3;2;3;2;2;2;3;2;3;3;2;3;3;2;2;3;3;2;3;3;2;3;2;2;4;3;3;4;1;1;4;3;4;1;2;4;3;4;1;3;4;3;5;2;3;5;4
1000;12/07/2024;2;1;0;0;2;1;1;6;4;2;2;2;3;3;3;3;3;2;2;2;3;3;2;2;3;2;3;3;2;4;2;1;2;3;3;2;2;3;3;2;1;2;4;5;4;4;3;2;4;4;5;4;3;4;3;4;3;2;4;3;5;4;4;1;4
1001;13/07/2024;3;2;0;0;2;4;2;1;1;3;2;2;3;3;3;3;3;2;3;2;3;3;2;3;3;2;3;3;3;3;2;3;3;3;3;2;3;3;3;3;2;3;2;3;1;1;1;2;1;2;3;2;2;4;1;4;1;2;5;5;5;1;2;1;4
1002;13/07/2024;2;1;0;0;2;1;1;3;1;3;1;2;3;3;3;2;3;3;3;2;3;3;2;2;3;3;3;3;3;3;3;2;3;3;3;3;2;3;3;2;3;3;3;3;1;5;1;1;4;1;1;1;3;5;1;3;2;3;4;4;4;1;5;3;4
1003;13/07/2024;2;5;0;0;2;4;4;3;1;3;2;3;3;3;3;3;3;3;3;2;2;3;2;3;3;2;3;2;3;3;3;3;3;2;3;2;3;2;3;3;3;3;3;3;3;3;1;2;4;3;3;3;3;3;3;3;1;2;3;3;2;2;2;2;4
1004;13/07/2024;2;4;0;0;2;4;4;7;1;3;2;2;3;3;3;3;3;3;3;3;2;2;3;3;3;3;3;3;3;3;3;2;2;2;3;2;3;3;2;3;2;2;3;3;3;4;1;2;5;3;5;2;2;5;3;3;2;1;5;4;5;1;5;5;4
1005;13/07/2024;2;3;0;0;2;3;3;2;1;3;1;3;3;2;3;2;2;2;2;2;2;3;2;1;1;1;1;2;2;3;2;1;3;3;2;3;3;3;2;3;2;3;1;1;2;5;1;2;5;2;2;1;2;5;3;3;1;3;5;5;5;2;5;1;4
1006;13/07/2024;2;4;0;0;2;4;1;3;1;1;2;2;4;4;4;3;2;3;1;1;3;1;1;3;3;1;4;3;3;4;4;3;3;3;4;4;3;3;4;4;4;4;5;5;5;5;1;1;5;5;5;3;5;5;1;5;1;1;5;5;5;5;5;2;4
1007;13/07/2024;2;2;0;0;2;2;2;2;1;1;2;2;3;1;3;3;3;2;3;1;1;1;2;3;3;1;2;3;2;2;3;1;3;3;2;1;4;2;3;3;4;1;4;5;3;5;1;3;5;3;4;1;3;2;3;3;1;3;4;4;4;3;1;1;4
1008;13/07/2024;2;5;0;0;2;4;4;2;1;1;2;1;1;1;1;3;1;1;3;2;1;1;2;2;2;1;3;3;2;2;2;2;2;3;2;1;3;3;3;3;3;1;4;4;3;4;1;2;4;3;4;3;3;4;4;3;2;2;3;3;3;3;3;3;4
1009;13/07/2024;3;1;0;0;2;1;1;3;1;1;2;1;2;3;3;2;2;2;1;1;3;3;1;2;3;2;2;2;2;4;3;1;2;3;2;1;1;3;3;4;3;3;5;5;4;5;3;4;5;5;5;3;4;3;4;3;1;3;3;4;4;5;4;5;4
1010;13/07/2024;1;1;1;3;0;1;1;3;2;2;2;3;3;3;3;3;3;3;3;3;3;3;3;3;3;3;3;3;3;3;3;3;3;3;3;3;3;3;3;3;3;3;3;3;3;4;1;2;5;3;4;1;2;3;1;1;5;2;4;3;5;2;4;2;4
1011;13/07/2024;2;5;0;0;2;1;1;2;1;1;1;3;3;2;2;3;2;2;1;3;3;3;3;2;3;1;3;2;2;1;3;2;2;2;3;2;3;3;2;3;3;3;3;3;3;5;1;1;5;3;4;1;1;3;3;4;1;1;5;4;4;2;5;3;4
1012;13/07/2024;1;2;1;2;0;4;1;4;1;1;2;3;3;3;3;3;3;3;3;2;3;3;2;3;3;3;3;3;3;3;3;2;3;3;3;3;3;3;3;3;3;3;3;3;3;4;1;1;4;2;4;2;1;3;2;2;1;2;4;4;4;1;4;2;4
1013;13/07/2024;2;3;0;0;2;3;3;2;1;1;2;2;3;2;2;3;2;2;1;1;2;3;1;2;3;1;2;3;2;2;2;2;2;3;3;2;2;2;2;3;3;2;3;4;3;3;1;3;5;3;3;3;4;5;3;3;2;3;4;4;5;2;5;1;4
1014;13/07/2024;2;2;0;0;2;1;1;7;1;1;2;2;3;2;2;3;2;2;2;2;3;2;2;3;3;3;3;2;3;3;3;2;2;2;3;2;3;3;3;3;3;3;4;3;3;4;2;2;5;3;3;1;3;3;3;3;1;2;5;3;2;2;4;2;4
1015;13/07/2024;2;2;0;0;2;1;1;3;1;1;1;1;4;4;3;4;3;3;3;3;3;3;4;3;3;3;3;3;3;3;3;3;3;3;3;4;3;3;3;3;3;3;1;1;1;5;1;1;5;1;5;1;1;5;1;1;1;1;5;5;5;1;5;2;4
1016;13/07/2024;2;5;0;0;2;4;4;7;1;1;2;3;3;3;2;3;3;2;3;3;4;4;3;2;3;3;2;3;3;3;3;3;3;3;3;3;3;3;1;3;3;3;3;3;3;5;1;4;5;4;3;4;3;2;1;3;1;3;4;5;5;1;5;1;4
1017;13/07/2024;3;2;0;0;2;2;2;3;1;1;2;3;2;2;3;4;3;3;1;1;3;3;1;2;3;2;1;2;2;4;1;1;3;2;2;1;3;2;2;4;4;2;5;5;5;4;1;1;5;5;3;3;3;1;4;4;3;4;4;1;4;4;4;4;4
1018;13/07/2024;1;4;1;3;0;4;3;3;2;2;2;3;3;3;3;3;3;3;3;2;3;3;2;3;3;3;3;3;3;3;3;3;3;3;3;3;3;3;3;3;3;3;3;3;3;3;1;1;5;2;5;1;1;5;2;2;5;1;4;3;5;1;5;1;4
1019;13/07/2024;2;5;0;0;2;4;4;3;1;3;1;3;3;3;3;3;3;3;2;3;2;2;3;3;2;2;3;2;3;3;3;2;2;3;3;2;2;3;3;3;3;3;1;3;1;5;1;3;5;2;1;3;1;4;1;3;1;1;2;3;5;1;3;3;4
1020;13/07/2024;1;4;1;3;0;2;2;3;1;3;1;4;4;4;4;4;3;3;3;4;3;3;3;3;3;3;3;3;3;3;4;3;3;3;3;3;4;3;3;3;3;3;3;3;2;4;1;3;5;3;4;1;1;4;3;3;1;3;4;4;4;2;4;3;4
1021;13/07/2024;3;5;0;0;2;4;4;7;1;3;2;3;3;3;3;3;3;2;3;1;3;3;2;3;3;3;3;3;3;3;3;3;2;3;3;2;3;3;3;3;3;3;3;3;2;3;1;1;5;1;5;3;3;3;1;3;1;3;5;3;4;2;4;3;4
1022;13/07/2024;3;5;0;0;2;3;3;3;1;3;1;3;3;3;3;3;3;3;3;2;3;3;3;3;3;2;3;3;3;3;3;3;3;3;3;2;3;3;3;3;3;3;3;3;3;5;1;1;5;1;4;1;1;4;1;1;1;1;5;5;5;1;5;3;4
1023;13/07/2024;1;5;1;1;0;4;4;7;1;3;2;3;3;3;3;3;3;2;3;2;3;3;2;3;3;3;3;3;3;3;3;3;3;3;2;2;2;3;3;2;2;3;3;2;2;4;1;3;4;2;4;2;3;3;2;2;1;2;3;4;4;2;3;2;4
1024;13/07/2024;1;1;1;3;0;1;1;3;1;3;2;2;3;4;3;3;3;3;2;1;3;3;2;3;4;3;3;3;3;3;3;3;3;3;3;3;3;3;3;3;3;3;2;4;3;4;2;3;4;4;4;3;4;3;2;3;2;3;4;4;4;1;4;4;4
1025;14/07/2024;1;5;1;3;0;1;1;3;1;3;2;3;3;3;3;3;2;2;3;3;4;3;3;3;3;3;3;3;3;3;3;3;3;3;3;3;3;3;3;3;3;3;1;2;1;4;1;1;5;1;4;1;1;4;1;1;2;2;5;5;4;1;4;1;4
1026;14/07/2024;3;5;0;0;2;4;4;3;1;3;2;2;3;3;4;4;3;3;3;1;3;3;1;3;3;3;3;3;3;3;3;3;3;3;3;1;3;3;3;3;2;3;3;3;3;3;1;1;5;3;3;1;1;3;3;3;1;3;5;3;3;2;5;3;4
1027;14/07/2024;3;2;0;0;2;1;1;3;1;3;2;2;3;3;4;4;2;3;3;1;3;3;1;3;3;3;3;4;3;4;3;3;3;3;3;2;3;3;3;3;2;3;1;3;1;5;1;1;5;1;4;1;1;4;1;1;1;1;5;5;4;1;5;1;4
1028;14/07/2024;2;5;0;0;2;4;4;2;1;3;1;3;1;1;2;3;1;2;2;1;1;2;2;2;2;1;3;3;2;2;1;1;2;2;3;2;2;3;1;3;1;1;3;4;3;5;1;1;5;3;3;3;3;5;3;3;5;5;5;3;2;3;3;3;4
1029;14/07/2024;2;3;0;0;2;3;3;2;1;3;2;2;3;1;3;3;2;2;2;1;2;1;1;2;3;3;3;3;2;3;1;1;3;2;3;1;3;3;1;3;3;3;3;3;3;5;1;1;4;3;5;3;3;4;2;4;1;2;4;4;4;2;2;2;4
1030;14/07/2024;3;3;0;0;2;2;2;3;1;3;2;1;2;1;2;3;1;1;3;1;2;1;1;3;3;2;2;3;2;4;2;1;2;2;2;2;3;2;1;3;1;1;4;4;4;4;1;1;5;3;4;1;1;1;3;5;1;3;5;3;3;3;5;5;4
1031;14/07/2024;2;5;0;0;2;4;4;2;1;3;2;3;3;3;3;3;3;2;3;2;2;2;2;2;3;2;3;3;3;2;2;1;2;2;3;2;3;3;2;3;2;3;3;2;1;5;1;1;5;1;4;1;1;4;1;1;5;1;5;4;5;1;5;1;4
1032;14/07/2024;3;4;0;0;2;4;4;3;1;3;1;2;2;1;3;2;1;2;1;1;1;1;1;2;2;3;3;2;2;2;1;1;2;2;2;1;2;2;1;3;2;3;2;5;3;4;1;3;4;3;4;3;3;2;3;4;1;4;4;3;3;4;2;4;4
1033;14/07/2024;2;5;0;0;2;4;4;2;1;3;1;2;4;3;3;3;3;3;2;2;3;3;3;3;3;3;3;3;3;3;2;2;3;3;3;2;3;3;2;3;2;3;3;3;3;3;1;4;4;3;4;1;1;3;1;2;1;1;4;4;5;2;5;1;4
1034;14/07/2024;1;5;1;3;0;4;4;2;1;3;2;2;2;2;3;2;2;2;2;1;2;2;1;2;3;1;2;2;2;2;3;1;2;3;2;1;2;3;2;2;2;3;4;4;4;5;1;3;5;4;3;3;3;2;3;4;1;3;4;4;4;3;3;3;4
1035;14/07/2024;1;3;1;3;0;1;1;7;1;3;1;2;3;3;3;3;3;3;3;2;3;3;2;3;2;3;3;3;3;3;3;2;3;3;3;3;3;3;3;3;2;3;3;3;2;4;1;1;5;2;5;1;1;5;1;3;5;1;3;4;4;3;5;3;4
1036;14/07/2024;3;4;0;0;2;4;4;3;1;3;1;1;2;1;2;2;2;2;2;1;1;1;1;2;3;2;2;2;3;3;1;1;3;2;3;1;3;2;1;2;1;2;1;5;3;4;1;3;4;3;4;4;4;3;3;3;2;2;4;3;3;3;3;3;4
1037;14/07/2024;2;2;0;0;2;2;2;2;1;2;1;2;3;3;3;2;2;3;3;2;3;3;2;2;3;2;3;3;3;3;3;2;3;3;3;2;3;3;3;3;2;3;3;4;3;5;1;1;5;3;5;1;1;1;2;3;1;1;5;5;4;3;5;1;4
1038;14/07/2024;3;2;0;0;2;1;1;3;1;1;2;4;3;4;4;4;4;3;3;3;4;3;3;4;3;3;3;3;3;3;3;3;3;3;3;3;3;3;3;3;3;3;1;2;2;5;1;1;5;2;4;1;1;5;2;2;1;2;5;5;5;1;5;1;4
1039;14/07/2024;2;3;0;0;2;3;3;3;1;1;2;1;2;1;2;2;2;1;1;1;1;1;1;1;4;2;1;1;3;1;1;1;1;2;2;1;4;3;1;3;4;1;5;5;5;3;2;4;4;5;3;5;1;1;5;5;2;5;3;1;5;5;1;2;4
1040;14/07/2024;1;2;1;3;0;1;1;1;2;1;2;3;3;3;3;3;3;3;3;3;3;3;3;3;3;3;3;3;3;3;3;3;3;3;3;3;3;3;3;3;2;3;2;2;2;4;1;1;5;1;4;1;1;5;1;2;1;2;5;4;3;1;4;2;4
1041;14/07/2024;3;1;0;0;2;1;1;3;1;1;1;1;3;4;3;3;3;3;1;2;4;3;2;3;3;2;4;4;3;4;2;3;3;3;3;4;3;3;2;2;4;3;1;3;2;5;1;1;5;1;3;5;5;4;2;1;1;1;4;4;4;1;4;3;4
1042;14/07/2024;2;5;0;0;2;4;4;2;1;1;2;3;3;3;3;3;2;2;2;2;3;3;2;2;3;3;3;3;3;3;3;3;3;3;3;2;3;3;3;3;3;3;2;3;1;4;1;2;5;1;4;1;1;4;2;1;1;2;4;4;5;1;4;2;4
1043;14/07/2024;3;2;0;0;2;2;2;3;1;1;1;1;3;1;2;3;1;3;1;1;3;3;1;1;3;3;3;1;1;1;1;1;1;1;3;1;1;1;1;1;1;1;5;5;5;2;1;4;3;5;3;3;5;2;5;5;3;3;3;1;5;5;3;3;4
1044;14/07/2024;2;1;0;0;2;1;1;3;1;1;2;2;3;4;2;3;2;3;2;1;2;1;2;1;4;2;3;3;3;3;3;2;4;3;3;3;3;3;3;3;2;2;5;5;3;4;1;1;5;3;4;1;1;4;3;4;1;2;4;4;3;2;5;2;4
1045;14/07/2024;3;3;0;0;2;3;3;3;1;1;2;2;3;3;2;3;2;3;2;2;1;1;2;2;3;2;3;3;3;3;3;1;3;3;3;3;3;3;3;3;2;3;5;5;5;4;1;3;5;5;3;1;1;1;5;5;1;3;5;3;3;4;3;1;4
1046;14/07/2024;1;2;1;3;0;1;1;3;2;2;2;3;4;4;4;4;4;4;4;2;4;4;3;4;4;4;4;4;4;4;4;4;4;4;4;4;4;4;4;4;4;4;2;3;3;4;1;1;5;1;5;2;2;4;2;3;5;2;4;5;5;2;5;2;4
1047;14/07/2024;2;3;0;0;2;2;2;7;1;1;2;1;1;2;3;3;3;1;2;1;1;1;2;2;2;2;1;2;2;2;2;1;2;2;1;3;3;3;1;3;3;3;3;5;1;3;1;1;5;3;3;1;1;3;3;5;1;1;3;3;5;3;4;4;4
1048;15/07/2024;1;4;1;3;0;4;4;7;1;3;1;2;3;3;3;2;1;2;2;2;3;2;2;3;3;3;3;3;3;3;2;2;3;2;3;2;4;3;3;4;3;4;4;4;4;4;1;3;5;3;4;1;1;4;3;4;1;3;5;5;4;3;5;4;4
1049;15/07/2024;1;4;1;3;0;1;1;3;1;3;1;3;3;3;3;3;3;3;3;2;3;3;2;3;2;3;2;3;3;3;3;3;3;3;3;2;3;3;3;3;3;3;4;4;3;4;2;3;3;3;3;3;3;3;3;3;3;3;3;3;3;3;3;3;4
1050;15/07/2024;3;5;0;0;2;4;4;7;1;3;2;2;4;2;2;1;3;1;1;1;2;2;2;1;2;3;4;2;2;2;2;2;2;3;3;4;3;2;3;2;2;2;4;4;4;5;4;1;4;4;4;3;3;3;3;4;1;1;4;3;5;4;3;5;4
1051;15/07/2024;2;5;0;0;2;2;2;7;1;3;1;3;3;3;3;3;3;3;3;2;3;3;2;2;3;2;3;3;3;3;3;2;3;3;3;3;3;3;3;3;3;3;3;3;3;4;1;3;4;3;5;1;1;4;1;3;1;1;4;4;5;2;5;1;4
1052;15/07/2024;2;4;0;0;2;4;3;3;1;3;1;2;3;2;3;3;3;2;3;2;3;2;2;1;3;2;2;3;2;3;2;2;3;2;2;2;2;3;2;2;2;2;3;4;4;5;1;2;5;3;5;3;3;3;3;4;1;2;5;3;3;1;4;5;4
1053;15/07/2024;2;4;0;0;2;1;1;1;2;2;2;4;3;3;3;3;3;3;3;3;3;3;3;3;3;2;3;3;3;3;3;3;3;3;3;3;3;3;3;3;2;2;2;2;2;5;1;1;5;1;5;1;1;4;1;1;1;1;5;5;5;1;5;1;4
1054;15/07/2024;2;2;0;0;1;3;4;5;1;1;1;2;1;2;2;1;3;3;3;1;2;2;1;1;2;1;1;1;2;3;1;1;1;1;1;1;2;1;1;2;2;3;5;5;3;3;2;2;3;3;1;3;3;3;3;3;2;1;2;2;4;3;4;3;4
1055;15/07/2024;2;4;0;0;2;2;2;3;1;1;2;2;3;3;3;3;2;3;3;1;3;2;2;3;3;3;2;3;3;3;3;3;3;3;2;2;2;3;3;3;3;3;4;4;3;5;1;1;5;3;5;1;1;3;3;3;5;2;5;5;5;1;5;4;4
1056;15/07/2024;2;4;0;0;2;3;3;1;2;1;2;3;3;3;1;3;3;3;3;3;3;3;3;2;3;3;3;3;3;3;3;3;3;3;4;1;4;3;3;4;3;2;3;3;1;5;1;1;5;1;5;1;1;2;1;3;1;2;5;1;5;1;5;1;4
1057;15/07/2024;3;4;0;0;2;3;3;1;2;1;2;3;3;3;2;3;3;3;3;3;3;3;3;2;3;3;3;3;3;3;3;3;3;3;4;2;3;3;3;3;3;2;2;3;1;5;1;1;5;1;5;1;1;2;1;3;1;2;5;1;5;1;5;1;4
1058;15/07/2024;1;1;1;1;0;1;1;1;1;1;1;1;1;1;1;1;1;1;1;1;1;1;1;1;1;1;1;1;2;2;2;1;2;1;2;4;3;3;2;3;3;2;1;5;1;2;1;4;4;3;5;1;3;1;2;4;1;1;5;1;5;5;1;1;4
1059;15/07/2024;2;1;0;0;2;1;1;2;1;1;2;4;4;4;3;3;3;3;3;3;3;3;4;4;4;3;3;4;3;4;3;3;4;4;3;3;3;3;3;3;1;3;1;1;1;5;1;1;5;1;5;4;4;5;1;1;1;1;5;5;5;1;5;1;4
1060;15/07/2024;2;1;0;0;2;1;1;2;1;1;2;3;3;4;3;4;3;4;3;3;4;3;3;4;3;3;3;3;3;3;3;3;3;3;3;3;3;3;4;4;2;3;2;2;2;4;1;1;5;2;5;4;2;3;2;2;1;1;5;4;3;2;4;1;4
1061;15/07/2024;2;2;0;0;2;1;1;7;1;1;2;3;4;3;3;3;3;3;3;3;4;4;4;3;3;3;4;4;3;4;3;3;3;3;4;4;3;3;3;3;3;4;1;1;2;4;1;1;5;1;5;2;1;5;2;1;1;1;5;5;5;1;5;1;4
1062;15/07/2024;2;4;0;0;2;2;2;2;1;3;2;3;3;1;3;1;1;2;3;2;2;2;2;2;4;3;3;2;3;2;2;1;3;3;3;2;3;3;3;3;2;2;2;2;2;4;1;1;5;2;4;1;1;3;3;2;1;2;4;4;4;1;5;1;4
1063;15/07/2024;3;2;0;0;2;3;2;1;2;2;1;1;1;1;1;1;2;1;2;1;1;1;2;1;2;2;1;3;3;1;1;1;2;3;1;1;3;3;1;2;2;3;4;3;3;5;1;1;5;3;4;1;1;3;4;3;1;3;4;5;5;3;5;1;4
1064;15/07/2024;2;5;0;0;2;1;1;3;1;3;2;2;4;3;2;2;3;3;2;2;2;2;2;3;2;2;3;2;3;3;2;2;2;2;3;2;2;2;3;3;2;3;3;3;2;5;1;1;5;3;5;5;3;4;3;3;1;1;5;5;5;3;3;3;4
1065;15/07/2024;2;4;0;0;2;4;4;7;1;3;2;1;3;1;3;3;3;2;2;1;2;2;1;2;3;3;3;2;3;2;3;2;2;3;3;2;3;3;2;2;3;3;3;4;4;3;1;1;5;4;3;1;1;3;3;3;1;3;4;2;5;3;1;3;4
1066;16/07/2024;2;4;0;0;2;4;4;2;1;3;2;1;2;1;3;3;1;1;3;1;3;2;1;1;3;3;2;2;3;3;1;1;3;3;2;3;3;3;1;2;3;2;3;3;3;5;1;3;5;3;4;3;3;3;3;3;1;3;3;3;3;2;4;3;4
1067;16/07/2024;2;1;0;0;2;1;1;2;1;3;2;3;3;3;3;3;3;3;3;2;3;3;2;2;3;3;3;3;3;3;2;3;3;2;2;3;3;3;3;3;3;3;1;3;2;5;1;1;5;1;5;1;5;4;1;2;1;1;5;5;5;1;5;1;4
1068;16/07/2024;3;3;0;0;2;3;3;3;1;3;2;2;2;2;3;4;3;2;2;1;2;2;2;2;3;3;3;2;2;3;2;2;3;3;2;3;3;2;2;2;3;3;5;4;3;3;1;3;5;3;2;5;5;3;2;5;1;2;3;4;5;2;4;3;4
1069;16/07/2024;3;3;0;0;2;3;3;3;1;3;2;2;2;2;3;3;3;1;2;1;1;1;1;1;4;3;3;2;2;4;1;1;2;2;2;3;3;3;1;2;3;2;5;5;5;5;1;4;5;4;4;5;4;3;4;5;1;3;3;3;5;4;5;3;4
1070;16/07/2024;3;4;0;0;2;4;4;2;1;3;1;2;3;1;2;2;3;2;2;2;1;1;2;2;3;2;2;2;3;2;1;1;2;2;2;1;2;2;2;3;3;3;4;4;4;3;1;2;4;3;4;5;5;3;4;4;1;1;4;4;3;3;3;3;4
1071;16/07/2024;2;1;0;0;2;1;1;2;1;1;2;4;4;4;4;3;3;3;3;3;4;4;3;4;3;3;4;3;3;3;3;3;3;3;3;3;2;3;4;4;2;3;1;1;1;3;1;1;5;1;5;1;1;5;1;1;1;1;5;5;5;1;5;1;4
1072;16/07/2024;1;4;1;3;0;4;3;5;4;4;2;4;4;4;4;4;4;4;4;4;4;4;4;3;3;2;3;3;4;4;4;4;3;3;4;3;3;4;4;3;3;4;2;2;2;4;1;1;5;1;5;1;1;5;1;1;1;1;5;5;5;1;5;1;4
1073;16/07/2024;2;5;0;0;2;4;4;5;4;4;2;3;3;3;3;3;3;3;3;3;4;4;3;3;3;3;3;3;3;3;3;3;3;3;3;3;3;3;3;3;3;3;1;1;1;5;1;1;5;1;5;1;1;5;1;1;1;1;5;5;5;1;5;1;4
1074;16/07/2024;1;2;1;3;0;1;1;3;2;1;1;3;3;4;4;4;3;3;3;3;4;4;3;3;3;3;3;3;4;4;4;3;3;3;3;3;3;3;3;4;2;4;1;2;1;5;1;1;5;1;4;1;1;4;1;1;1;1;4;5;5;1;4;1;4
1075;16/07/2024;2;5;0;0;2;4;4;2;1;1;2;3;3;3;3;3;3;3;3;3;3;3;3;3;3;3;3;3;3;3;3;3;3;3;3;3;3;3;3;3;3;3;3;3;3;3;4;4;3;2;3;3;3;3;2;2;2;4;3;3;3;2;3;1;4
1076;16/07/2024;2;5;0;0;2;1;1;7;1;1;2;2;3;3;3;3;3;3;2;1;3;3;1;3;3;3;3;3;3;2;3;2;3;3;3;2;3;3;2;3;2;3;3;3;1;5;1;1;5;1;5;1;1;5;3;3;1;1;5;5;5;1;5;1;4
1077;16/07/2024;2;3;0;0;2;3;3;1;2;2;1;3;2;2;3;3;3;1;2;2;2;2;2;2;3;2;2;3;3;3;2;1;2;3;3;2;3;3;1;3;3;3;5;2;3;4;1;2;5;4;5;5;3;3;5;5;1;2;5;4;3;5;5;3;4
1078;16/07/2024;2;4;0;0;2;1;1;2;1;1;1;4;4;4;3;3;3;4;3;3;4;4;3;3;3;4;3;4;3;3;2;3;3;2;3;1;3;3;4;4;1;3;3;3;3;2;1;1;5;1;4;1;2;5;1;3;1;1;5;4;4;1;5;2;4
1079;16/07/2024;3;2;0;0;2;1;1;2;1;3;2;2;3;2;2;3;2;2;2;2;2;2;2;3;3;2;3;3;1;3;2;2;2;2;3;3;3;2;2;2;3;3;4;4;3;5;1;3;5;4;5;2;3;3;3;4;1;3;4;4;5;2;4;5;4
1080;17/07/2024;2;4;0;0;2;4;4;7;1;3;2;3;2;2;3;3;2;2;2;3;2;2;3;3;3;3;3;3;2;3;3;2;3;3;3;3;3;3;2;3;3;3;3;3;2;5;1;1;5;3;5;1;2;2;2;3;1;2;3;2;2;2;2;5;4
1081;17/07/2024;2;5;0;0;2;4;4;7;1;3;1;3;3;3;3;3;3;3;2;2;3;3;2;3;3;3;3;3;2;3;3;3;3;3;3;2;3;3;3;3;2;2;2;2;2;4;1;1;5;1;5;1;1;4;1;3;1;1;5;5;5;1;5;1;4
1082;17/07/2024;2;4;0;0;2;4;4;3;1;3;1;1;3;3;3;3;2;3;3;2;3;1;1;2;2;3;3;3;2;3;2;2;2;2;3;3;3;2;2;3;2;2;2;2;2;5;1;2;5;2;5;1;1;4;1;2;1;1;5;4;5;1;4;2;4
1083;17/07/2024;2;4;0;0;2;1;1;3;1;1;2;3;3;4;4;3;3;3;3;2;3;4;2;3;4;2;3;4;3;4;2;3;4;3;3;4;3;3;3;4;2;3;1;1;1;3;1;1;5;1;5;1;1;5;1;1;1;1;5;5;5;1;5;1;4
1084;17/07/2024;2;4;0;0;2;4;4;6;4;4;2;3;3;3;3;3;3;3;3;2;3;2;3;3;3;2;3;3;3;3;3;3;3;3;3;3;3;3;3;3;2;3;3;3;3;5;1;5;5;3;5;2;2;3;3;3;5;3;5;5;5;3;5;1;4
1085;17/07/2024;2;5;0;0;2;1;1;2;1;1;2;3;4;3;3;4;3;4;3;3;3;4;3;4;3;3;3;3;3;3;3;3;3;3;3;3;3;3;3;3;3;3;1;2;2;3;1;1;4;2;4;1;1;4;1;1;1;1;5;3;5;1;5;1;4
1086;17/07/2024;3;5;0;0;2;3;2;5;1;1;2;3;3;3;3;2;2;2;2;3;4;2;2;3;3;3;3;3;3;3;3;1;2;2;2;2;2;2;2;3;3;3;2;3;2;5;1;1;2;3;4;1;1;4;1;3;1;2;5;4;5;1;4;1;4
1087;17/07/2024;3;3;0;0;2;1;1;1;1;1;1;3;3;3;3;3;3;3;3;3;3;3;3;3;3;2;3;3;3;3;3;3;3;3;3;3;3;3;3;3;3;3;1;1;1;3;2;1;4;1;3;1;1;4;1;1;1;1;4;4;4;1;3;1;4
1088;17/07/2024;2;4;0;0;2;4;2;7;1;1;1;3;3;3;2;3;2;3;3;3;3;3;3;3;4;2;3;3;3;2;3;2;3;3;3;3;3;3;3;3;3;3;2;3;3;3;1;2;5;3;4;1;3;2;2;4;1;2;4;4;4;3;3;3;4
1089;17/07/2024;3;4;0;0;2;4;4;7;1;1;2;2;2;1;1;2;2;1;1;1;1;1;2;1;1;2;1;1;1;1;1;1;2;2;1;2;3;2;1;2;2;2;5;5;5;3;1;1;5;4;5;1;1;3;5;4;1;1;5;5;5;3;4;2;4
1090;17/07/2024;2;5;0;0;1;2;2;4;4;4;2;3;3;3;3;2;2;2;2;1;3;3;2;2;3;2;3;2;3;3;3;2;2;3;3;2;3;3;3;3;2;3;3;2;2;4;1;2;5;2;4;1;1;4;2;2;1;2;4;4;4;1;4;1;4
1091;17/07/2024;2;4;0;0;2;4;4;2;1;3;1;3;4;3;3;3;3;2;3;2;4;3;2;2;3;3;3;3;3;3;2;2;3;3;3;3;3;3;3;3;2;2;1;3;1;4;1;1;4;1;4;1;2;3;1;1;1;1;4;3;3;1;3;3;4
1092;17/07/2024;2;5;0;0;2;4;4;2;1;3;1;3;3;3;3;3;2;2;2;1;3;1;1;1;3;3;3;3;3;3;1;2;3;3;3;3;3;3;2;3;1;3;5;5;5;4;1;1;5;3;5;3;3;3;3;5;1;1;5;5;5;1;3;3;4
1093;18/07/2024;2;5;0;0;2;1;1;7;1;3;2;4;3;3;3;3;3;3;3;4;3;3;3;3;3;3;3;3;3;3;3;3;4;3;3;4;4;4;3;3;3;4;1;2;1;5;1;2;5;1;1;3;1;5;1;1;1;1;5;2;5;1;4;1;4
1094;18/07/2024;2;3;0;0;2;2;2;7;1;3;2;3;3;3;3;3;3;3;3;3;3;3;3;3;4;3;3;4;3;4;3;3;3;3;3;3;3;3;3;3;2;3;2;2;1;4;1;1;5;1;4;1;1;4;1;1;1;1;4;3;4;1;5;1;4
1095;18/07/2024;2;5;0;0;2;4;4;2;1;3;1;2;3;3;3;2;3;2;2;3;3;2;3;1;1;3;3;1;1;2;1;3;3;3;3;3;3;3;3;1;3;3;4;4;4;4;3;4;4;4;4;4;4;4;4;4;4;3;4;2;5;4;3;5;4
1096;18/07/2024;2;2;0;0;2;3;2;1;1;3;1;2;2;2;3;2;3;1;2;2;3;2;2;1;3;2;2;2;2;2;2;2;2;2;1;2;2;2;2;2;3;3;5;5;5;5;3;3;5;5;2;3;3;2;3;5;3;3;3;1;3;3;2;2;4
1097;18/07/2024;1;3;4;3;0;3;2;3;1;3;1;2;3;2;2;3;2;2;1;1;3;2;2;2;3;2;3;4;3;3;3;2;3;2;3;2;3;2;2;3;2;4;3;3;2;2;1;3;5;2;4;1;1;5;1;2;1;2;4;4;5;2;4;2;4
1098;18/07/2024;2;5;0;0;2;4;2;3;1;3;2;1;1;2;2;3;2;1;1;1;1;2;1;1;3;2;2;2;2;2;2;1;2;3;1;1;3;3;3;2;1;2;4;4;4;4;3;3;4;3;3;1;2;3;3;4;1;3;5;3;4;3;4;3;4
1099;18/07/2024;2;5;0;0;2;4;3;3;1;1;2;3;3;3;3;3;2;2;3;3;3;2;3;2;3;3;3;3;3;3;3;1;3;3;3;2;2;3;3;3;2;2;3;3;2;4;1;1;5;3;3;1;1;3;2;2;1;2;4;4;4;1;3;1;4
1100;18/07/2024;1;5;1;3;0;4;3;5;4;4;2;3;3;3;3;3;3;3;3;3;3;3;3;3;3;3;3;3;3;3;3;3;3;3;3;3;3;3;3;3;3;3;3;3;2;4;1;1;5;1;5;1;1;4;1;1;1;1;5;5;4;1;4;1;4
1101;18/07/2024;3;1;0;0;2;1;1;6;4;4;2;3;3;3;3;3;3;3;2;2;3;3;2;3;3;2;3;3;3;3;2;3;3;3;3;2;3;3;3;2;2;1;3;3;2;5;1;1;5;1;5;1;1;4;2;3;1;3;5;5;5;3;5;1;4
1102;18/07/2024;2;5;0;0;2;4;4;2;1;1;1;3;3;3;3;3;3;2;3;1;3;3;1;2;3;2;3;3;3;3;3;2;3;3;3;2;2;3;2;3;3;3;3;5;3;5;1;2;1;2;5;1;1;3;4;4;1;2;5;4;4;2;5;1;4
1103;18/07/2024;2;1;0;0;2;1;1;1;1;3;2;2;3;2;2;3;3;3;2;2;2;2;2;1;3;3;3;3;2;2;3;1;2;3;1;1;2;2;3;3;4;3;3;4;2;4;1;1;5;3;2;1;3;3;2;3;1;2;5;5;4;2;3;4;4
1104;19/07/2024;2;5;0;0;2;4;4;3;1;3;2;2;3;2;3;2;2;2;3;2;2;2;2;3;3;2;3;3;3;3;2;2;2;3;3;2;3;3;3;2;3;2;3;3;1;4;1;2;2;3;2;5;1;3;2;3;1;2;2;2;5;1;5;1;4
1105;19/07/2024;2;1;0;0;2;1;1;2;1;3;2;3;3;3;3;3;3;3;3;2;3;3;3;3;3;3;3;3;3;3;3;3;3;3;3;3;3;3;3;3;3;3;3;3;2;3;1;2;5;1;4;3;2;3;2;3;1;2;4;4;4;2;4;2;4
1106;19/07/2024;2;5;0;0;1;4;4;4;4;4;2;1;2;2;1;2;1;1;1;1;1;1;1;1;3;1;1;1;2;1;1;1;1;1;1;1;3;1;1;1;1;1;3;3;3;5;1;3;5;3;5;1;5;4;3;3;3;5;4;3;5;3;4;2;4
1107;19/07/2024;2;5;0;0;2;1;1;2;1;1;1;3;3;3;3;3;3;3;1;3;3;3;3;1;3;2;3;3;3;2;2;3;3;3;3;3;3;3;3;3;2;3;1;3;1;4;1;1;5;1;5;1;1;5;1;1;1;1;5;5;5;1;5;1;4
1108;19/07/2024;1;2;1;3;0;1;1;3;2;1;2;3;3;3;3;3;3;3;3;3;3;3;3;3;3;3;3;3;3;4;3;3;3;3;3;3;3;2;3;3;3;3;3;2;2;5;1;2;5;2;5;1;2;5;1;1;1;1;4;4;5;1;5;2;4
1109;19/07/2024;2;5;0;0;2;4;4;5;4;4;2;3;4;3;2;1;2;3;3;4;3;3;3;3;3;3;3;2;3;3;2;1;2;2;2;1;3;1;1;2;4;3;3;3;3;4;1;1;5;3;5;3;1;4;3;2;1;1;5;4;5;1;4;1;4
1110;19/07/2024;2;4;0;0;2;1;1;3;4;4;2;1;2;1;2;2;2;1;1;1;2;2;1;2;3;3;2;2;1;2;2;1;1;3;2;2;1;3;3;2;2;1;4;4;5;4;1;1;4;5;4;3;5;1;5;5;3;2;5;2;4;5;3;4;4
1111;19/07/2024;1;5;1;3;0;2;1;3;2;2;2;1;2;2;1;1;1;1;1;1;1;1;1;1;4;1;2;1;1;3;3;2;2;2;2;1;1;2;2;2;2;3;5;5;5;3;3;2;4;4;2;4;4;2;4;4;3;2;3;3;3;3;3;2;4
1112;20/07/2024;3;2;0;0;2;2;2;3;1;3;2;2;3;3;2;2;3;3;3;3;3;3;3;3;2;2;3;2;3;4;3;2;3;3;3;2;3;2;3;3;3;2;3;2;2;4;1;2;5;2;2;2;2;4;3;3;1;2;4;1;4;2;3;1;4
1113;20/07/2024;1;5;1;3;0;2;2;3;1;3;1;2;3;3;3;3;2;3;3;3;2;2;3;2;4;2;3;3;3;3;2;3;3;2;2;2;3;3;3;3;3;3;3;4;3;4;1;2;5;2;3;1;1;4;2;3;1;2;5;5;5;1;4;1;4
1114;20/07/2024;3;4;0;0;2;4;4;1;2;1;2;3;4;3;3;4;3;3;3;3;3;3;3;3;3;2;3;3;2;2;3;3;3;4;3;3;3;3;2;3;3;3;3;2;2;3;1;1;4;1;3;1;1;3;1;1;1;1;4;4;5;1;3;1;4
1115;20/07/2024;2;3;0;0;2;3;2;2;1;1;2;3;2;2;3;3;3;2;2;2;3;3;2;2;2;2;3;3;3;2;3;2;2;3;3;3;2;3;3;3;3;3;3;4;3;3;1;2;4;3;5;3;3;3;3;3;1;2;3;3;3;3;3;1;4
1116;20/07/2024;2;5;0;0;2;4;4;2;1;1;2;2;2;2;2;2;3;3;2;2;3;3;2;3;3;2;2;3;3;3;3;2;2;2;2;2;3;3;2;3;2;3;3;3;3;1;1;3;5;3;4;1;1;3;3;5;1;3;4;3;3;3;5;1;4
1117;20/07/2024;2;5;0;0;2;4;4;2;1;1;2;2;2;2;2;2;3;3;2;2;3;3;2;3;3;2;2;3;3;3;3;2;2;2;2;2;3;3;2;3;2;3;3;3;3;1;1;3;5;3;4;1;1;3;3;5;1;3;4;3;3;3;5;1;4
1118;21/07/2024;3;3;0;0;2;4;3;7;1;3;1;2;2;1;1;1;1;1;1;1;1;1;2;1;2;2;3;2;1;3;2;1;2;2;3;2;3;3;2;3;2;3;5;5;1;3;1;1;5;5;5;1;1;5;5;5;1;1;5;5;5;5;5;1;4
1119;21/07/2024;1;4;1;3;0;3;2;3;1;3;1;3;3;3;3;3;3;3;3;2;4;3;3;3;3;3;3;3;3;3;3;3;3;3;3;3;3;3;3;3;3;3;2;1;1;2;1;1;5;1;3;1;1;1;1;1;1;1;5;4;4;1;5;1;4
1120;21/07/2024;3;4;0;0;2;4;4;2;1;3;1;2;2;2;2;2;2;1;1;1;1;1;1;2;3;1;2;3;2;2;2;1;2;2;2;1;2;2;2;3;3;3;4;4;4;4;1;2;5;4;4;4;5;2;4;3;1;2;5;4;4;4;3;3;4
1121;22/07/2024;2;5;0;0;2;2;2;2;1;3;1;3;1;3;2;2;2;2;2;3;1;1;3;2;2;2;2;2;2;2;2;2;2;2;2;3;3;2;2;2;3;2;3;2;2;2;2;2;3;3;3;3;1;3;2;3;2;2;4;3;2;1;3;2;4
1122;22/07/2024;2;2;0;0;2;4;1;4;4;1;2;3;2;4;3;3;2;4;1;4;2;3;4;1;2;4;2;3;2;1;2;4;4;1;1;4;2;3;3;1;4;2;4;1;3;4;2;5;2;5;5;5;1;2;5;2;1;1;5;1;2;3;5;2;4
1123;22/07/2024;2;3;0;0;2;1;1;7;1;1;1;1;2;1;2;2;1;1;3;1;1;1;1;2;3;3;2;2;2;1;1;1;1;1;1;1;1;1;1;2;1;1;4;5;4;5;3;1;5;4;2;2;5;2;4;4;2;3;2;2;2;4;3;4;4
1124;22/07/2024;3;4;0;0;2;3;3;3;1;3;1;1;2;2;2;3;1;1;2;1;1;2;1;1;4;1;2;2;3;1;2;1;2;1;2;1;2;2;1;2;4;1;5;4;4;5;1;1;5;3;5;1;1;4;3;1;1;1;3;4;4;2;5;3;4
1125;22/07/2024;1;5;1;1;0;2;1;4;4;4;2;3;3;4;4;4;4;3;3;3;4;4;3;3;3;3;3;3;3;3;3;3;3;3;3;3;3;3;3;3;3;3;2;2;1;4;2;1;5;1;5;1;1;5;3;2;2;2;4;4;4;1;5;1;4
1126;22/07/2024;2;1;0;0;2;1;1;3;1;3;1;1;2;2;1;1;2;2;1;1;2;2;1;1;1;2;3;2;1;3;2;1;1;1;3;1;3;1;1;1;3;2;4;4;3;2;2;2;2;2;2;2;2;2;4;5;3;4;3;2;3;2;2;3;4
1127;23/07/2024;1;5;1;1;0;1;1;4;4;4;2;2;3;3;3;3;2;3;3;3;3;3;2;3;3;2;3;3;2;3;3;3;3;3;3;3;3;3;3;2;3;3;2;2;1;2;1;1;4;1;4;3;3;4;2;3;1;2;3;4;4;1;3;3;4
1128;23/07/2024;1;2;4;3;0;2;2;3;1;3;2;3;3;3;3;2;2;2;2;1;2;2;1;2;2;2;3;2;2;3;2;2;2;2;2;2;3;3;3;3;3;3;4;4;4;4;4;4;4;4;4;4;3;3;3;3;3;3;3;3;3;2;3;4;4
1129;23/07/2024;2;5;0;0;2;2;2;3;1;3;2;2;3;3;2;2;2;2;3;2;4;4;2;3;2;2;3;3;2;3;2;2;3;2;2;2;3;3;2;2;2;2;2;3;3;5;1;1;5;1;5;5;1;4;1;3;1;1;5;3;4;1;5;1;4
1130;23/07/2024;3;3;0;0;2;2;2;1;2;1;2;2;2;1;2;1;2;1;3;3;1;2;3;3;2;1;2;3;3;1;1;2;3;3;2;1;1;3;1;1;1;1;4;5;5;4;2;2;5;5;5;1;1;1;5;5;1;5;5;4;2;3;3;1;4
1131;23/07/2024;1;5;1;1;0;4;3;7;4;4;2;4;3;4;4;4;3;4;4;3;4;4;3;4;3;3;4;4;3;4;4;4;4;4;4;3;4;4;4;3;3;3;1;1;1;2;1;1;5;1;1;1;1;4;1;1;1;1;4;4;4;1;4;1;4
1132;23/07/2024;1;1;1;3;0;1;1;2;2;2;2;3;3;3;3;3;3;3;3;2;4;4;2;4;3;3;3;3;3;3;3;3;3;2;3;2;3;2;3;3;3;3;3;3;2;3;2;2;4;3;3;2;3;3;3;3;2;2;3;3;3;3;4;2;4
1133;23/07/2024;3;5;0;0;2;4;4;1;4;1;2;3;3;3;3;3;3;3;3;3;3;3;3;3;3;3;3;3;3;3;3;3;3;3;3;2;3;3;3;3;3;3;4;4;4;4;4;4;4;4;4;4;4;4;4;4;4;4;4;4;4;4;4;3;4
1134;23/07/2024;2;3;0;0;2;3;3;2;1;1;1;2;3;3;3;3;2;3;2;1;3;3;2;2;3;2;3;3;3;3;2;1;3;2;3;1;3;2;3;3;2;3;4;3;5;5;1;1;2;5;5;5;1;3;1;4;1;1;5;5;5;2;5;2;4
1135;23/07/2024;2;1;0;0;2;1;1;1;2;2;2;3;3;3;3;3;3;3;3;2;3;3;2;3;3;2;3;3;3;3;3;3;3;3;3;3;3;3;3;3;2;2;2;3;2;3;1;1;5;2;4;1;1;4;2;2;2;2;4;3;5;1;5;1;4
1136;24/07/2024;2;4;0;0;2;3;3;1;2;1;2;2;3;2;2;2;3;1;1;1;1;2;2;1;3;3;3;2;3;3;1;2;2;1;3;1;1;2;1;1;2;2;4;4;5;3;2;3;5;5;3;3;4;2;4;3;1;3;5;3;4;5;3;3;4
1137;01/08/2024;2;2;0;0;2;4;4;2;4;4;2;3;3;3;3;3;3;3;2;3;3;3;3;3;3;3;3;3;3;3;3;3;3;2;3;2;3;3;3;3;2;3;3;3;2;5;1;1;5;2;5;1;1;5;1;1;5;3;5;5;5;1;5;1;4
